"Date","Price","Open","High","Low","Vol.","Change %"
"03/09/2026","2.910","3.014","3.021","2.887","7.09K","-1.56%"
"02/09/2026","2.956","2.941","3.001","2.910","5.78K","1.79%"
"01/09/2026","2.904","2.943","2.952","2.849","6.97K","-1.06%"
"31/08/2026","2.935","2.876","2.949","2.828","7.02K","1.63%"
"28/08/2026","2.888","2.905","2.934","2.838","7.99K","-0.89%"
"27/08/2026","2.914","2.909","2.988","2.892","7.64K","2.53%"
"26/08/2026","2.842","2.790","2.903","2.782","1.24K","2.60%"
"25/08/2026","2.770","2.755","2.804","2.694","2.12K","-0.43%"
"24/08/2026","2.782","2.773","2.838","2.713","3.02K","0.32%"
"21/08/2026","2.773","2.771","2.797","2.741","4.98K","1.46%"
"20/08/2026","2.733","2.780","2.805","2.710","6.35K","-2.88%"
"19/08/2026","2.814","2.800","2.874","2.757","7.88K","1.37%"
"18/08/2026","2.776","2.704","2.799","2.690","5.61K","3.20%"
"17/08/2026","2.690","2.693","2.712","2.639","4.80K","-1.57%"
"14/08/2026","2.733","2.727","2.783","2.710","4.16K","0.22%"
"13/08/2026","2.727","2.792","2.800","2.710","5.18K","-2.75%"
"12/08/2026","2.804","2.764","2.830","2.745","3.87K","1.34%"
"11/08/2026","2.767","2.783","2.819","2.745","5.35K","-0.97%"
"10/08/2026","2.794","2.702","2.806","2.691","5.53K","4.96%"
"07/08/2026","2.662","2.631","2.690","2.618","4.25K","0.83%"
"06/08/2026","2.640","2.668","2.702","2.616","4.72K","-1.79%"
"05/08/2026","2.688","2.690","2.707","2.659","3.84K","0.22%"
"04/08/2026","2.682","2.784","2.785","2.658","6.05K","-3.56%"
"03/08/2026","2.781","2.750","2.807","2.702","4.22K","1.24%"
"31/07/2026","2.747","2.754","2.801","2.713","5.36K","-0.40%"
"30/07/2026","2.758","2.734","2.776","2.681","5.59K","1.32%"
"29/07/2026","2.722","2.677","2.755","2.667","5.25K","2.25%"
"28/07/2026","2.662","2.740","2.760","2.650","1.58K","-3.79%"
"27/07/2026","2.767","2.837","2.878","2.727","2.44K","-3.62%"
"24/07/2026","2.871","2.917","2.957","2.859","4.55K","-1.54%"
"23/07/2026","2.916","2.933","2.991","2.907","5.70K","-0.31%"
"22/07/2026","2.925","2.891","2.951","2.866","5.61K","2.09%"
"21/07/2026","2.865","2.840","2.906","2.839","5.30K","0.17%"
"20/07/2026","2.860","2.888","2.903","2.830","5.77K","-1.75%"
"17/07/2026","2.911","2.890","2.928","2.845","5.21K","1.85%"
"16/07/2026","2.858","2.916","2.966","2.823","7.21K","-2.26%"
"15/07/2026","2.924","2.930","2.940","2.865","5.13K","0.69%"
"14/07/2026","2.904","2.899","2.928","2.851","4.55K","0.24%"
"13/07/2026","2.897","2.949","2.953","2.847","5.89K","-1.46%"
"10/07/2026","2.940","3.012","3.020","2.874","8.85K","-2.39%"
"09/07/2026","3.012","3.219","3.242","2.990","12.68K","-6.23%"
"08/07/2026","3.212","3.271","3.353","3.202","7.91K","-1.62%"
"07/07/2026","3.265","3.242","3.319","3.180","11.17K","0.62%"
"06/07/2026","3.245","3.205","3.271","3.157","11.77K","0.00%"
"03/07/2026","3.245","3.228","3.270","3.204","3.56K","1.53%"
"02/07/2026","3.196","3.211","3.218","3.150","5.66K","-0.75%"
"01/07/2026","3.220","3.264","3.275","3.197","7.29K","-1.68%"
"30/06/2026","3.275","3.178","3.327","3.158","9.47K","2.96%"
"29/06/2026","3.181","3.306","3.320","3.163","7.51K","-2.99%"
"26/06/2026","3.279","3.285","3.377","3.262","9.28K","-1.91%"
"25/06/2026","3.343","3.223","3.372","3.196","0.63K","3.79%"
"24/06/2026","3.221","3.154","3.234","3.139","2.26K","2.35%"
"23/06/2026","3.147","3.230","3.276","3.143","3.59K","-3.26%"
"22/06/2026","3.253","3.231","3.334","3.183","8.30K","1.78%"
"19/06/2026","3.196","3.233","3.252","3.183","3.25K","-1.14%"
"18/06/2026","3.233","3.169","3.245","3.122","6.52K","2.80%"
"17/06/2026","3.145","3.239","3.300","3.121","8.43K","-2.90%"
"16/06/2026","3.239","3.150","3.267","3.125","7.16K","2.92%"
"15/06/2026","3.147","3.085","3.164","3.018","7.12K","0.87%"
"12/06/2026","3.120","3.095","3.143","3.030","6.53K","1.07%"
"11/06/2026","3.087","3.187","3.206","3.042","8.02K","-3.08%"
"10/06/2026","3.185","3.153","3.246","3.069","7.71K","1.43%"
"09/06/2026","3.140","3.152","3.207","3.117","6.52K","-0.22%"
"08/06/2026","3.147","3.176","3.196","3.095","6.66K","-2.54%"
"05/06/2026","3.229","3.354","3.366","3.208","8.23K","-3.21%"
"04/06/2026","3.336","3.246","3.376","3.211","9.89K","3.80%"
"03/06/2026","3.214","3.168","3.263","3.141","9.14K","1.48%"
"02/06/2026","3.167","3.190","3.227","3.100","7.98K","-0.38%"
"01/06/2026","3.179","3.330","3.396","3.158","10.60K","-3.37%"
"29/05/2026","3.290","3.311","3.387","3.271","10.74K","0.15%"
"28/05/2026","3.285","3.095","3.311","3.058","10.43K","6.14%"
"27/05/2026","3.095","3.002","3.152","2.975","8.90K","6.95%"
"26/05/2026","2.894","2.919","2.990","2.863","1.42K","-0.45%"
"22/05/2026","2.907","2.989","3.011","2.890","3.82K","-3.68%"
"21/05/2026","3.018","3.044","3.067","2.975","6.60K","0.47%"
"20/05/2026","3.004","3.118","3.138","2.986","8.13K","-3.53%"
"19/05/2026","3.114","3.012","3.133","3.007","7.23K","2.98%"
"18/05/2026","3.024","2.991","3.090","2.968","9.19K","2.16%"
"15/05/2026","2.960","2.902","2.980","2.894","7.83K","2.28%"
"14/05/2026","2.894","2.860","2.921","2.797","8.10K","1.05%"
"13/05/2026","2.864","2.832","2.925","2.811","8.35K","0.74%"
"12/05/2026","2.843","2.937","2.946","2.803","9.63K","-2.30%"
"11/05/2026","2.910","2.757","2.938","2.735","10.91K","5.55%"
"08/05/2026","2.757","2.787","2.843","2.734","8.94K","-0.43%"
"07/05/2026","2.769","2.724","2.814","2.675","8.60K","1.43%"
"06/05/2026","2.730","2.798","2.798","2.691","8.05K","-2.08%"
"05/05/2026","2.788","2.850","2.867","2.760","7.16K","-2.76%"
"04/05/2026","2.867","2.785","2.883","2.740","8.63K","3.13%"
"01/05/2026","2.780","2.763","2.823","2.745","7.56K","0.47%"
"30/04/2026","2.767","2.652","2.791","2.591","10.49K","4.53%"
"29/04/2026","2.647","2.678","2.695","2.615","5.07K","-1.64%"
"28/04/2026","2.691","2.742","2.747","2.673","6.98K","5.53%"
"27/04/2026","2.550","2.516","2.627","2.507","2.49K","1.07%"
"24/04/2026","2.523","2.585","2.606","2.492","4.73K","-3.48%"
"23/04/2026","2.614","2.719","2.740","2.567","7.36K","-3.97%"
"22/04/2026","2.722","2.702","2.763","2.677","5.66K","0.93%"
"21/04/2026","2.697","2.684","2.716","2.608","6.04K","0.30%"
"20/04/2026","2.689","2.688","2.743","2.671","6.75K","0.56%"
"17/04/2026","2.674","2.671","2.707","2.622","7.75K","1.02%"
"16/04/2026","2.647","2.613","2.677","2.587","7.37K","1.42%"
"15/04/2026","2.610","2.599","2.626","2.568","7.02K","0.42%"
"14/04/2026","2.599","2.622","2.659","2.561","10.04K","-1.07%"
"13/04/2026","2.627","2.681","2.724","2.615","10.21K","-0.79%"
"10/04/2026","2.648","2.666","2.690","2.626","6.54K","-0.82%"
"09/04/2026","2.670","2.735","2.742","2.655","9.22K","-1.98%"
"08/04/2026","2.724","2.838","2.850","2.700","12.30K","-5.09%"
"07/04/2026","2.870","2.810","2.887","2.756","11.15K","2.10%"
"06/04/2026","2.811","2.832","2.867","2.769","9.90K","0.39%"
"03/04/2026","2.800","2.812","2.890","2.776","","0.00%"
"02/04/2026","2.800","2.812","2.890","2.776","12.70K","-0.67%"
"01/04/2026","2.819","2.870","2.898","2.780","9.05K","-2.25%"
"31/03/2026","2.884","2.899","2.975","2.803","12.10K","-0.10%"
"30/03/2026","2.887","3.047","3.081","2.790","12.43K","-4.56%"
"27/03/2026","3.025","2.916","3.060","2.912","11.99K","0.87%"
"26/03/2026","2.999","2.986","3.030","2.920","1.07K","1.59%"
"25/03/2026","2.952","2.896","2.990","2.850","3.11K","0.31%"
"24/03/2026","2.943","2.922","2.972","2.877","4.73K","1.80%"
"23/03/2026","2.891","3.098","3.200","2.874","13.47K","-6.59%"
"20/03/2026","3.095","3.150","3.169","3.043","10.13K","-2.24%"
"19/03/2026","3.166","3.206","3.269","3.101","21.39K","3.30%"
"18/03/2026","3.065","3.042","3.211","2.908","16.05K","1.06%"
"17/03/2026","3.033","3.039","3.096","3.004","7.52K","0.33%"
"16/03/2026","3.023","3.177","3.210","2.992","12.65K","-3.45%"
"13/03/2026","3.131","3.262","3.318","3.106","15.30K","-3.15%"
"12/03/2026","3.233","3.233","3.294","3.145","16.79K","0.75%"
"11/03/2026","3.209","3.031","3.226","3.020","13.62K","6.26%"
"10/03/2026","3.020","3.037","3.147","2.960","16.54K","-3.21%"
"09/03/2026","3.120","3.293","3.496","3.014","36.49K","-2.07%"
"06/03/2026","3.186","3.000","3.279","2.952","22.14K","6.09%"
"05/03/2026","3.003","2.932","3.046","2.920","15.81K","2.95%"
"04/03/2026","2.917","3.040","3.076","2.891","17.71K","-4.49%"
"03/03/2026","3.054","2.984","3.187","2.971","23.41K","3.18%"
"02/03/2026","2.960","2.930","3.070","2.866","18.50K","3.53%"
"27/02/2026","2.859","2.827","2.893","2.811","8.55K","1.13%"
"26/02/2026","2.827","2.892","2.898","2.774","13.50K","-1.43%"
"25/02/2026","2.868","2.843","2.930","2.817","11.50K","-1.61%"
"24/02/2026","2.915","2.966","3.014","2.876","1.76K","-2.35%"
"23/02/2026","2.985","3.213","3.275","2.955","4.51K","-2.03%"
"20/02/2026","3.047","2.979","3.155","2.946","10.06K","1.70%"
"19/02/2026","2.996","3.009","3.093","2.958","11.82K","-0.50%"
"18/02/2026","3.011","3.048","3.052","2.921","12.30K","-0.66%"
"17/02/2026","3.031","3.067","3.170","2.964","19.84K","-1.94%"
"16/02/2026","3.091","3.091","3.111","2.969","9.15K","-4.69%"
"13/02/2026","3.243","3.225","3.279","3.111","12.94K","0.81%"
"12/02/2026","3.217","3.234","3.317","3.180","16.18K","1.84%"
"11/02/2026","3.159","3.165","3.249","3.053","14.78K","1.41%"
"10/02/2026","3.115","3.145","3.215","3.059","13.44K","-0.73%"
"09/02/2026","3.138","3.254","3.283","3.111","15.58K","-8.30%"
"06/02/2026","3.422","3.509","3.660","3.387","24.76K","-2.48%"
"05/02/2026","3.509","3.450","3.571","3.326","25.34K","1.27%"
"04/02/2026","3.465","3.377","3.545","3.263","20.16K","4.65%"
"03/02/2026","3.311","3.270","3.395","3.167","22.67K","2.29%"
"02/02/2026","3.237","4.132","4.132","3.155","35.10K","-25.65%"
"30/01/2026","4.354","3.904","4.428","3.817","45.19K","11.13%"
"29/01/2026","3.918","3.727","3.931","3.718","36.25K","4.98%"
"28/01/2026","3.732","3.789","3.898","3.570","31.82K","-46.33%"
"27/01/2026","6.954","6.700","7.350","5.763","0.87K","2.26%"
"26/01/2026","6.800","5.475","7.430","5.475","22.74K","28.91%"
"23/01/2026","5.275","4.883","5.435","4.665","40.64K","4.56%"
"22/01/2026","5.045","5.063","5.650","4.772","102.77K","3.49%"
"21/01/2026","4.875","3.890","5.097","3.833","79.60K","24.78%"
"20/01/2026","3.907","3.300","3.992","3.292","69.41K","8.98%"
"19/01/2026","3.585","3.585","3.715","3.380","27.79K","15.53%"
"16/01/2026","3.103","3.136","3.232","3.022","18.77K","-0.80%"
"15/01/2026","3.128","3.111","3.217","3.007","20.39K","0.26%"
"14/01/2026","3.120","3.406","3.443","3.068","21.69K","-8.75%"
"13/01/2026","3.419","3.357","3.500","3.297","19.22K","0.29%"
"12/01/2026","3.409","3.275","3.429","3.184","18.41K","7.57%"
"09/01/2026","3.169","3.413","3.495","3.128","26.83K","-6.99%"
"08/01/2026","3.407","3.549","3.627","3.356","17.42K","-3.35%"
"07/01/2026","3.525","3.422","3.591","3.417","15.78K","5.22%"
"06/01/2026","3.350","3.496","3.514","3.324","14.60K","-4.91%"
"05/01/2026","3.523","3.552","3.552","3.358","19.84K","-2.63%"
"02/01/2026","3.618","3.709","3.720","3.559","15.30K","-1.84%"
"31/12/2025","3.686","3.981","3.986","3.679","14.72K","-7.20%"
"30/12/2025","3.972","3.947","4.177","3.912","21.16K","-0.35%"
"29/12/2025","3.986","3.925","4.028","3.783","19.10K","-8.70%"
"26/12/2025","4.366","4.258","4.440","4.182","0.94K","2.92%"
"24/12/2025","4.242","4.444","4.600","4.150","9.69K","-3.77%"
"23/12/2025","4.408","4.000","4.453","3.912","14.49K","11.17%"
"22/12/2025","3.965","4.070","4.139","3.798","16.32K","-0.48%"
"19/12/2025","3.984","3.949","4.032","3.837","17.92K","1.94%"
"18/12/2025","3.908","4.115","4.218","3.875","17.70K","-2.88%"
"17/12/2025","4.024","3.946","4.114","3.920","14.79K","3.55%"
"16/12/2025","3.886","4.046","4.046","3.842","14.56K","-3.14%"
"15/12/2025","4.012","4.163","4.219","3.991","14.61K","-2.46%"
"12/12/2025","4.113","4.220","4.256","4.063","17.21K","-2.79%"
"11/12/2025","4.231","4.637","4.648","4.196","19.38K","-7.92%"
"10/12/2025","4.595","4.572","4.698","4.453","19.36K","0.46%"
"09/12/2025","4.574","4.869","4.881","4.545","19.63K","-6.88%"
"08/12/2025","4.912","5.147","5.203","4.851","24.93K","-7.13%"
"05/12/2025","5.289","5.064","5.498","5.028","31.49K","4.46%"
"04/12/2025","5.063","5.016","5.088","4.870","16.40K","1.36%"
"03/12/2025","4.995","4.833","5.037","4.821","13.62K","3.20%"
"02/12/2025","4.840","4.892","4.985","4.806","14.97K","-1.65%"
"01/12/2025","4.921","4.863","4.950","4.758","14.73K","1.46%"
"28/11/2025","4.850","4.622","4.874","4.521","11.50K","4.80%"
"27/11/2025","4.628","4.628","4.647","4.525","5.34K","1.54%"
"26/11/2025","4.558","4.485","4.644","4.437","11.20K","1.72%"
"25/11/2025","4.481","4.650","4.676","4.391","14.45K","-1.49%"
"24/11/2025","4.549","4.511","4.573","4.400","1.14K","-0.68%"
"21/11/2025","4.580","4.469","4.672","4.395","4.13K","2.37%"
"20/11/2025","4.474","4.559","4.610","4.457","8.24K","-1.67%"
"19/11/2025","4.550","4.360","4.601","4.345","10.19K","4.10%"
"18/11/2025","4.371","4.324","4.401","4.232","11.04K","0.23%"
"17/11/2025","4.361","4.515","4.550","4.321","13.89K","-4.49%"
"14/11/2025","4.566","4.600","4.636","4.361","16.26K","-1.72%"
"13/11/2025","4.646","4.540","4.687","4.452","15.07K","2.49%"
"12/11/2025","4.533","4.520","4.582","4.462","16.43K","-0.70%"
"11/11/2025","4.565","4.375","4.580","4.273","19.17K","5.23%"
"10/11/2025","4.338","4.447","4.509","4.258","19.05K","0.53%"
"07/11/2025","4.315","4.401","4.416","4.268","15.14K","-0.96%"
"06/11/2025","4.357","4.248","4.419","4.193","18.45K","2.95%"
"05/11/2025","4.232","4.319","4.350","4.204","17.08K","-2.56%"
"04/11/2025","4.343","4.251","4.398","4.182","16.68K","1.80%"
"03/11/2025","4.266","4.152","4.296","4.087","0.28K","3.44%"
"31/10/2025","4.124","4.062","4.155","4.015","15.68K","4.25%"
"30/10/2025","3.956","3.811","4.073","3.784","12.22K","3.70%"
"29/10/2025","3.815","3.848","3.864","3.752","11.63K","14.05%"
"28/10/2025","3.345","3.461","3.461","3.267","0.74K","-2.82%"
"27/10/2025","3.442","3.400","3.466","3.260","3.71K","4.18%"
"24/10/2025","3.304","3.309","3.397","3.197","8.20K","-1.20%"
"23/10/2025","3.344","3.425","3.506","3.287","13.48K","-3.07%"
"22/10/2025","3.450","3.478","3.574","3.387","12.25K","-0.69%"
"21/10/2025","3.474","3.440","3.503","3.354","14.89K","2.27%"
"20/10/2025","3.397","3.121","3.437","3.106","13.93K","12.93%"
"17/10/2025","3.008","2.938","3.023","2.892","8.82K","2.38%"
"16/10/2025","2.938","3.036","3.065","2.921","12.00K","-2.59%"
"15/10/2025","3.016","3.030","3.041","2.962","8.87K","-0.40%"
"14/10/2025","3.028","3.111","3.120","3.002","9.17K","-2.89%"
"13/10/2025","3.118","3.122","3.150","3.028","0.33K","0.39%"
"10/10/2025","3.106","3.242","3.257","3.087","11.70K","-4.99%"
"09/10/2025","3.269","3.342","3.391","3.234","15.40K","-1.92%"
"08/10/2025","3.333","3.531","3.550","3.315","16.49K","-4.72%"
"07/10/2025","3.498","3.403","3.524","3.355","15.70K","4.20%"
"06/10/2025","3.357","3.310","3.483","3.250","15.62K","0.99%"
"03/10/2025","3.324","3.417","3.449","3.306","13.20K","-3.43%"
"02/10/2025","3.442","3.447","3.585","3.401","16.78K","-0.98%"
"01/10/2025","3.476","3.331","3.490","3.319","12.61K","5.24%"
"30/09/2025","3.303","3.275","3.350","3.244","10.74K","1.10%"
"29/09/2025","3.267","3.153","3.297","3.132","12.83K","1.90%"
"26/09/2025","3.206","3.225","3.248","3.121","11.27K","10.40%"
"25/09/2025","2.904","2.917","2.973","2.841","1.30K","1.61%"
"24/09/2025","2.858","2.855","2.911","2.815","2.33K","0.18%"
"23/09/2025","2.853","2.821","2.869","2.772","4.94K","1.67%"
"22/09/2025","2.806","2.918","2.945","2.802","10.34K","-2.84%"
"19/09/2025","2.888","2.938","2.950","2.858","9.51K","-1.74%"
"18/09/2025","2.939","3.081","3.108","2.925","12.13K","-5.19%"
"17/09/2025","3.100","3.102","3.167","3.068","10.12K","-0.10%"
"16/09/2025","3.103","3.040","3.136","2.851","13.51K","1.97%"
"15/09/2025","3.043","2.948","3.048","2.916","10.96K","3.47%"
"12/09/2025","2.941","2.930","2.999","2.897","10.27K","0.24%"
"11/09/2025","2.934","3.022","3.061","2.911","11.18K","-3.14%"
"10/09/2025","3.029","3.102","3.115","3.008","9.39K","-2.82%"
"09/09/2025","3.117","3.087","3.165","3.044","12.90K","0.87%"
"08/09/2025","3.090","3.059","3.197","3.057","14.21K","1.38%"
"05/09/2025","3.048","3.088","3.130","2.995","10.71K","-0.85%"
"04/09/2025","3.074","3.065","3.130","3.020","14.08K","0.33%"
"03/09/2025","3.064","3.006","3.132","2.965","14.29K","1.83%"
"02/09/2025","3.009","2.984","3.065","2.869","22.08K","0.97%"
"01/09/2025","2.980","2.980","3.065","2.929","8.50K","-0.57%"
"29/08/2025","2.997","2.963","3.024","2.921","12.53K","1.80%"
"28/08/2025","2.944","2.883","2.998","2.850","14.33K","2.01%"
"27/08/2025","2.886","2.826","2.915","2.777","12.71K","6.22%"
"26/08/2025","2.717","2.708","2.732","2.627","1.67K","0.78%"
"25/08/2025","2.696","2.665","2.717","2.624","3.68K","-0.07%"
"22/08/2025","2.698","2.801","2.821","2.687","5.62K","-4.53%"
"21/08/2025","2.826","2.756","2.847","2.738","7.24K","2.69%"
"20/08/2025","2.752","2.767","2.776","2.723","5.62K","-0.51%"
"19/08/2025","2.766","2.910","2.911","2.725","10.36K","-4.29%"
"18/08/2025","2.890","2.893","2.922","2.799","13.41K","-0.89%"
"15/08/2025","2.916","2.860","2.966","2.832","9.03K","2.64%"
"14/08/2025","2.841","2.808","2.850","2.774","8.75K","0.46%"
"13/08/2025","2.828","2.780","2.850","2.762","9.52K","0.71%"
"12/08/2025","2.808","2.971","2.994","2.775","10.67K","-4.94%"
"11/08/2025","2.954","2.925","3.000","2.860","7.94K","-1.20%"
"08/08/2025","2.990","3.075","3.105","2.960","8.05K","-2.51%"
"07/08/2025","3.067","3.100","3.148","3.036","9.18K","-0.32%"
"06/08/2025","3.077","3.014","3.097","2.946","10.07K","2.23%"
"05/08/2025","3.010","2.951","3.040","2.927","7.98K","2.66%"
"04/08/2025","2.932","3.099","3.099","2.895","11.48K","-4.90%"
"01/08/2025","3.083","3.090","3.132","3.051","8.50K","-0.74%"
"31/07/2025","3.106","3.018","3.113","2.964","12.22K","2.00%"
"30/07/2025","3.045","3.173","3.185","3.013","11.07K","-3.09%"
"29/07/2025","3.142","3.089","3.189","3.085","9.29K","5.15%"
"28/07/2025","2.988","3.072","3.138","2.986","1.49K","-3.92%"
"25/07/2025","3.110","3.130","3.143","3.066","1.97K","0.52%"
"24/07/2025","3.094","3.077","3.165","3.064","4.83K","0.55%"
"23/07/2025","3.077","3.250","3.268","3.051","10.74K","-5.38%"
"22/07/2025","3.252","3.320","3.332","3.207","6.80K","-2.20%"
"21/07/2025","3.325","3.468","3.483","3.286","12.15K","-6.73%"
"18/07/2025","3.565","3.528","3.626","3.495","10.23K","0.65%"
"17/07/2025","3.542","3.555","3.629","3.509","10.33K","-0.25%"
"16/07/2025","3.551","3.523","3.598","3.491","10.16K","0.79%"
"15/07/2025","3.523","3.449","3.541","3.398","12.67K","1.64%"
"14/07/2025","3.466","3.404","3.499","3.382","13.90K","4.59%"
"11/07/2025","3.314","3.361","3.417","3.290","10.85K","-0.69%"
"10/07/2025","3.337","3.213","3.398","3.100","14.14K","3.83%"
"09/07/2025","3.214","3.355","3.357","3.147","14.05K","-3.77%"
"08/07/2025","3.340","3.398","3.468","3.325","11.88K","-2.11%"
"07/07/2025","3.412","3.358","3.474","3.275","19.14K","0.74%"
"04/07/2025","3.387","3.417","3.435","3.367","4.33K","-0.65%"
"03/07/2025","3.409","3.500","3.572","3.390","13.24K","-2.26%"
"02/07/2025","3.488","3.400","3.518","3.364","12.60K","2.14%"
"01/07/2025","3.415","3.450","3.470","3.293","16.63K","-1.19%"
"30/06/2025","3.456","3.744","3.744","3.422","15.84K","-7.57%"
"27/06/2025","3.739","3.536","3.750","3.508","11.80K","6.04%"
"26/06/2025","3.526","3.593","3.596","3.403","13.28K","3.52%"
"25/06/2025","3.406","3.554","3.584","3.400","1.35K","-3.70%"
"24/06/2025","3.537","3.669","3.679","3.530","1.73K","-4.35%"
"23/06/2025","3.698","3.949","3.999","3.663","5.82K","-3.87%"
"20/06/2025","3.847","3.988","4.148","3.817","18.16K","-5.85%"
"19/06/2025","4.086","4.086","4.104","3.966","6.42K","2.43%"
"18/06/2025","3.989","3.875","4.002","3.815","11.76K","3.58%"
"17/06/2025","3.851","3.741","3.882","3.718","11.97K","2.75%"
"16/06/2025","3.748","3.690","3.759","3.634","11.19K","4.66%"
"13/06/2025","3.581","3.533","3.622","3.500","11.22K","2.55%"
"12/06/2025","3.492","3.533","3.643","3.467","14.32K","-0.43%"
"11/06/2025","3.507","3.529","3.625","3.454","14.31K","-0.74%"
"10/06/2025","3.533","3.615","3.660","3.515","11.61K","-2.81%"
"09/06/2025","3.635","3.736","3.767","3.580","15.61K","-3.94%"
"06/06/2025","3.784","3.674","3.817","3.640","11.16K","2.91%"
"05/06/2025","3.677","3.708","3.790","3.620","0.22K","-1.05%"
"04/06/2025","3.716","3.716","3.739","3.661","8.93K","-0.16%"
"03/06/2025","3.722","3.740","3.764","3.630","11.61K","0.76%"
"02/06/2025","3.694","3.488","3.750","3.471","14.33K","7.17%"
"30/05/2025","3.447","3.515","3.567","3.440","10.40K","-2.13%"
"29/05/2025","3.522","3.546","3.577","3.438","14.49K","-0.98%"
"28/05/2025","3.557","3.759","3.830","3.533","15.56K","4.68%"
"27/05/2025","3.398","3.363","3.424","3.220","1.10K","4.14%"
"26/05/2025","3.263","3.263","3.359","3.254","0.55K","-2.13%"
"23/05/2025","3.334","3.301","3.350","3.217","3.31K","2.49%"
"22/05/2025","3.253","3.384","3.397","3.237","5.21K","-3.41%"
"21/05/2025","3.368","3.407","3.513","3.335","13.80K","-1.72%"
"20/05/2025","3.427","3.102","3.451","3.102","15.22K","10.09%"
"19/05/2025","3.113","3.276","3.277","3.096","9.81K","-6.63%"
"16/05/2025","3.334","3.363","3.447","3.304","11.15K","-0.83%"
"15/05/2025","3.362","3.456","3.497","3.336","13.79K","-3.72%"
"14/05/2025","3.492","3.617","3.645","3.452","11.50K","-4.25%"
"13/05/2025","3.647","3.675","3.729","3.569","13.77K","0.03%"
"12/05/2025","3.646","3.797","3.839","3.607","16.92K","-3.93%"
"09/05/2025","3.795","3.606","3.816","3.606","15.22K","5.65%"
"08/05/2025","3.592","3.640","3.721","3.526","14.78K","-0.80%"
"07/05/2025","3.621","3.479","3.654","3.477","13.22K","4.56%"
"06/05/2025","3.463","3.584","3.649","3.422","19.68K","-2.45%"
"05/05/2025","3.550","3.669","3.748","3.530","13.58K","-2.20%"
"02/05/2025","3.630","3.444","3.675","3.418","11.91K","4.34%"
"01/05/2025","3.479","3.342","3.538","3.330","11.72K","4.60%"
"30/04/2025","3.326","3.375","3.400","3.258","12.90K","-1.77%"
"29/04/2025","3.386","3.315","3.456","3.300","13.02K","1.29%"
"28/04/2025","3.343","3.167","3.364","3.054","14.18K","13.82%"
"25/04/2025","2.937","2.904","2.978","2.865","0.74K","0.24%"
"24/04/2025","2.930","3.000","3.042","2.861","1.92K","-3.04%"
"23/04/2025","3.022","3.020","3.080","2.967","3.74K","0.50%"
"22/04/2025","3.007","3.055","3.093","2.955","6.86K","-0.30%"
"21/04/2025","3.016","3.199","3.227","2.992","7.87K","-7.06%"
"17/04/2025","3.245","3.232","3.333","3.189","9.81K","-0.06%"
"16/04/2025","3.247","3.310","3.337","3.204","8.25K","-2.46%"
"15/04/2025","3.329","3.347","3.378","3.214","10.19K","0.12%"
"14/04/2025","3.325","3.516","3.611","3.314","13.62K","-5.73%"
"11/04/2025","3.527","3.506","3.574","3.394","12.27K","-0.84%"
"10/04/2025","3.557","3.746","3.753","3.467","14.42K","-6.79%"
"09/04/2025","3.816","3.465","3.828","3.332","19.46K","10.13%"
"08/04/2025","3.465","3.621","3.783","3.460","14.66K","-5.20%"
"07/04/2025","3.655","3.811","3.939","3.599","15.97K","-4.74%"
"04/04/2025","3.837","4.107","4.160","3.807","14.64K","-7.27%"
"03/04/2025","4.138","4.010","4.203","3.966","10.63K","2.05%"
"02/04/2025","4.055","3.952","4.088","3.934","9.04K","2.63%"
"01/04/2025","3.951","4.155","4.155","3.934","11.13K","-4.08%"
"31/03/2025","4.119","4.150","4.252","4.053","11.65K","1.33%"
"28/03/2025","4.065","3.912","4.100","3.835","14.09K","3.57%"
"27/03/2025","3.925","3.873","3.959","3.729","14.08K","1.66%"
"26/03/2025","3.861","3.835","3.927","3.817","0.73K","0.55%"
"25/03/2025","3.840","3.912","3.989","3.796","1.87K","-1.89%"
"24/03/2025","3.914","3.907","4.013","3.865","4.27K","-1.66%"
"21/03/2025","3.980","3.951","4.046","3.861","13.08K","0.13%"
"20/03/2025","3.975","4.200","4.249","3.941","13.23K","-6.40%"
"19/03/2025","4.247","4.071","4.257","4.042","10.04K","-5.43%"
"10/03/2025","4.491","4.454","4.900","4.448","22.07K","2.09%"
"07/03/2025","4.399","4.282","4.425","4.133","15.31K","2.25%"
"06/03/2025","4.302","4.458","4.470","4.255","14.07K","-3.33%"
"05/03/2025","4.450","4.331","4.515","4.228","21.10K","2.30%"
"04/03/2025","4.350","4.145","4.550","4.055","26.96K","5.53%"
"03/03/2025","4.122","3.776","4.171","3.750","17.48K","7.51%"
"28/02/2025","3.834","3.945","3.952","3.811","8.52K","-2.54%"
"27/02/2025","3.934","3.956","4.066","3.879","14.22K","-0.63%"
"26/02/2025","3.959","4.138","4.173","3.942","10.59K","-5.15%"
"25/02/2025","4.174","3.920","4.170","3.920","0.89K","4.51%"
"24/02/2025","3.994","4.140","4.140","3.906","4.53K","-5.67%"
"21/02/2025","4.234","4.165","4.444","4.146","12.65K","1.97%"
"20/02/2025","4.152","4.370","4.483","4.033","15.61K","-2.99%"
"19/02/2025","4.280","4.016","4.450","3.945","16.44K","6.81%"
"18/02/2025","4.007","3.636","4.030","3.554","16.07K","7.57%"
"14/02/2025","3.725","3.667","3.800","3.634","8.29K","2.67%"
"13/02/2025","3.628","3.543","3.788","3.543","10.01K","1.77%"
"12/02/2025","3.565","3.497","3.583","3.468","5.54K","1.31%"
"11/02/2025","3.519","3.458","3.576","3.431","5.32K","2.18%"
"10/02/2025","3.444","3.400","3.487","3.351","5.57K","4.08%"
"07/02/2025","3.309","3.392","3.438","3.292","5.97K","-2.90%"
"06/02/2025","3.408","3.348","3.432","3.303","6.42K","1.43%"
"05/02/2025","3.360","3.244","3.374","3.160","6.30K","3.29%"
"04/02/2025","3.253","3.312","3.349","3.167","6.68K","-2.95%"
"03/02/2025","3.352","3.200","3.406","3.191","9.49K","10.12%"
"31/01/2025","3.044","3.094","3.114","2.990","6.70K","-0.10%"
"30/01/2025","3.047","3.171","3.239","3.036","8.93K","-3.88%"
"29/01/2025","3.170","3.083","3.194","3.062","8.72K","-8.67%"
"28/01/2025","3.471","3.719","3.721","3.470","0.57K","-6.11%"
"27/01/2025","3.697","3.800","3.877","3.610","2.13K","-8.19%"
"24/01/2025","4.027","3.920","4.049","3.805","3.95K","2.08%"
"23/01/2025","3.945","3.998","4.046","3.865","9.45K","-0.38%"
"22/01/2025","3.960","3.755","4.007","3.712","8.65K","5.43%"
"21/01/2025","3.756","3.858","3.914","3.719","14.39K","-4.86%"
"17/01/2025","3.948","4.263","4.310","3.901","15.75K","-7.28%"
"16/01/2025","4.258","4.102","4.325","4.017","16.01K","4.29%"
"15/01/2025","4.083","3.964","4.146","3.858","15.67K","2.90%"
"14/01/2025","3.968","3.910","4.057","3.736","14.25K","0.86%"
"13/01/2025","3.934","4.184","4.380","3.844","20.70K","-1.38%"
"10/01/2025","3.989","3.700","4.016","3.681","16.93K","7.78%"
"09/01/2025","3.701","3.668","3.827","3.550","15.19K","1.37%"
"08/01/2025","3.651","3.451","3.693","3.425","14.02K","5.86%"
"07/01/2025","3.449","3.702","3.739","3.426","16.56K","-6.07%"
"06/01/2025","3.672","3.504","3.725","3.500","18.21K","9.48%"
"03/01/2025","3.354","3.664","3.679","3.330","15.46K","-8.36%"
"02/01/2025","3.660","3.633","3.800","3.541","18.05K","0.74%"
"31/12/2024","3.633","3.910","4.014","3.575","20.35K","-7.70%"
"30/12/2024","3.936","3.536","4.200","3.536","36.59K","16.35%"
"27/12/2024","3.383","3.333","3.455","3.292","12.21K","-8.94%"
"26/12/2024","3.715","3.947","4.003","3.669","1.12K","-3.36%"
"25/12/2024","3.844","3.955","3.955","3.817","0.15K","-2.58%"
"24/12/2024","3.946","3.707","3.957","3.666","2.70K","7.93%"
"23/12/2024","3.656","3.852","3.946","3.583","7.50K","-2.45%"
"20/12/2024","3.748","3.635","3.827","3.555","13.57K","4.58%"
"19/12/2024","3.584","3.404","3.647","3.383","11.30K","6.22%"
"18/12/2024","3.374","3.379","3.439","3.314","9.10K","2.00%"
"17/12/2024","3.308","3.240","3.394","3.091","9.09K","2.92%"
"16/12/2024","3.214","3.215","3.252","3.144","5.95K","-2.01%"
"13/12/2024","3.280","3.491","3.547","3.221","10.68K","-5.07%"
"12/12/2024","3.455","3.346","3.558","3.280","15.14K","2.28%"
"11/12/2024","3.378","3.161","3.403","3.161","8.37K","6.80%"
"10/12/2024","3.163","3.181","3.191","3.068","7.89K","-0.60%"
"09/12/2024","3.182","3.200","3.322","3.138","10.72K","3.45%"
"06/12/2024","3.076","3.085","3.109","3.002","4.98K","-0.10%"
"05/12/2024","3.079","3.079","3.153","3.035","9.74K","1.18%"
"04/12/2024","3.043","3.046","3.088","2.974","8.98K","0.03%"
"03/12/2024","3.042","3.213","3.218","3.029","7.26K","-4.70%"
"02/12/2024","3.192","3.203","3.278","3.146","0.09K","-0.41%"
"01/12/2024","3.205","3.235","3.251","3.198","1.07K","-4.81%"
"29/11/2024","3.367","3.272","3.380","3.266","12.42K","2.93%"
"28/11/2024","3.271","3.190","3.310","3.173","4.32K","2.67%"
"27/11/2024","3.186","3.465","3.466","3.186","0.15K","-8.00%"
"26/11/2024","3.463","3.409","3.526","3.390","0.10K","2.79%"
"25/11/2024","3.369","3.195","3.454","3.195","0.65K","7.98%"
"23/11/2024","3.120","3.120","3.120","3.120","","-0.29%"
"22/11/2024","3.129","3.372","3.561","3.072","4.37K","-6.29%"
"21/11/2024","3.339","3.191","3.450","3.176","6.84K","4.57%"
"20/11/2024","3.193","2.971","3.236","2.942","10.73K","6.50%"
"19/11/2024","2.998","2.927","3.056","2.905","10.31K","0.84%"
"18/11/2024","2.973","2.897","2.975","2.831","8.95K","5.31%"
"15/11/2024","2.823","2.769","2.836","2.687","7.35K","1.36%"
"14/11/2024","2.785","2.998","2.998","2.758","8.70K","-6.64%"
"13/11/2024","2.983","2.906","3.019","2.829","0.12K","2.61%"
"12/11/2024","2.907","2.928","3.011","2.854","0.06K","-0.45%"
"11/11/2024","2.920","2.719","2.955","2.719","0.09K","9.40%"
"08/11/2024","2.669","2.699","2.748","2.645","6.49K","-0.89%"
"07/11/2024","2.693","2.719","2.777","2.657","0.03K","-1.97%"
"06/11/2024","2.747","2.685","2.796","2.631","0.08K","2.88%"
"05/11/2024","2.670","2.757","2.818","2.652","0.16K","-3.99%"
"04/11/2024","2.781","2.655","2.792","2.535","0.11K","4.43%"
"01/11/2024","2.663","2.693","2.723","2.631","7.52K","-1.63%"
"31/10/2024","2.707","2.816","2.830","2.688","0.25K","-4.85%"
"30/10/2024","2.845","2.879","2.916","2.770","0.13K","-0.49%"
"29/10/2024","2.859","2.850","2.907","2.793","0.44K","23.82%"
"28/10/2024","2.309","2.499","2.499","2.250","0.11K","-9.80%"
"25/10/2024","2.560","2.579","2.579","2.463","1.97K","1.51%"
"24/10/2024","2.522","2.419","2.581","2.372","0.06K","7.69%"
"23/10/2024","2.342","2.296","2.440","2.257","0.12K","1.34%"
"22/10/2024","2.311","2.336","2.373","2.270","0.14K","-0.04%"
"21/10/2024","2.312","2.266","2.367","2.200","0.17K","2.76%"
"19/10/2024","2.250","2.250","2.250","2.250","","-0.35%"
"18/10/2024","2.258","2.373","2.373","2.250","3.50K","-3.79%"
"17/10/2024","2.347","2.367","2.417","2.340","0.05K","-0.84%"
"16/10/2024","2.367","2.479","2.497","2.359","0.12K","-5.24%"
"15/10/2024","2.498","2.491","2.549","2.443","0.13K","0.16%"
"14/10/2024","2.494","2.616","2.637","2.475","0.19K","-5.06%"
"12/10/2024","2.627","2.627","2.627","2.627","","-0.19%"
"11/10/2024","2.632","2.691","2.726","2.614","5.32K","-1.61%"
"10/10/2024","2.675","2.646","2.698","2.590","6.45K","0.56%"
"09/10/2024","2.660","2.702","2.724","2.632","0.09K","-2.67%"
"08/10/2024","2.733","2.733","2.781","2.699","0.10K","-0.47%"
"07/10/2024","2.746","2.828","2.838","2.706","0.17K","-3.00%"
"05/10/2024","2.831","2.831","2.831","2.831","","-0.81%"
"04/10/2024","2.854","2.970","3.018","2.831","6.34K","-3.91%"
"03/10/2024","2.970","2.889","2.987","2.889","0.06K","2.91%"
"02/10/2024","2.886","2.918","2.998","2.868","0.07K","-0.35%"
"01/10/2024","2.896","2.907","2.940","2.825","0.04K","-0.92%"
"30/09/2024","2.923","2.900","2.948","2.865","0.15K","0.10%"
"28/09/2024","2.920","2.920","2.920","2.920","","0.62%"
"27/09/2024","2.902","2.751","2.930","2.719","7.41K","5.41%"
"26/09/2024","2.753","2.830","2.881","2.732","0.20K","4.40%"
"25/09/2024","2.637","2.595","2.691","2.555","0.15K","3.37%"
"24/09/2024","2.551","2.622","2.674","2.537","0.03K","-2.37%"
"23/09/2024","2.613","2.464","2.639","2.457","0.06K","6.39%"
"21/09/2024","2.456","2.456","2.456","2.456","","0.00%"
"20/09/2024","2.456","2.338","2.458","2.315","4.20K","4.60%"
"19/09/2024","2.348","2.291","2.360","2.218","0.11K","2.80%"
"18/09/2024","2.284","2.320","2.377","2.275","3.39K","-1.72%"
"17/09/2024","2.324","2.395","2.433","2.307","0.14K","-2.06%"
"16/09/2024","2.373","2.305","2.396","2.266","3.85K","3.35%"
"14/09/2024","2.296","2.296","2.296","2.296","","-0.39%"
"13/09/2024","2.305","2.357","2.406","2.293","4.26K","-2.21%"
"12/09/2024","2.357","2.272","2.392","2.230","0.10K","3.83%"
"11/09/2024","2.270","2.235","2.324","2.213","0.09K","1.70%"
"10/09/2024","2.232","2.151","2.257","2.124","0.04K","2.86%"
"09/09/2024","2.170","2.260","2.260","2.141","0.16K","-5.32%"
"07/09/2024","2.292","2.292","2.292","2.292","","0.75%"
"06/09/2024","2.275","2.259","2.293","2.234","4.57K","0.93%"
"05/09/2024","2.254","2.140","2.284","2.118","5.56K","5.08%"
"04/09/2024","2.145","2.185","2.269","2.131","4.62K","-2.63%"
"03/09/2024","2.203","2.146","2.225","2.077","8.42K","1.29%"
"02/09/2024","2.175","2.179","2.202","2.146","3.07K","-0.32%"
"01/09/2024","2.182","2.147","2.196","2.143","0.61K","1.63%"
"31/08/2024","2.147","2.147","2.147","2.147","","0.94%"
"30/08/2024","2.127","2.140","2.170","2.092","5.20K","-0.47%"
"29/08/2024","2.137","2.105","2.149","2.027","5.72K","1.91%"
"28/08/2024","2.097","2.075","2.138","2.020","5.48K","10.14%"
"27/08/2024","1.904","1.950","1.972","1.873","0.88K","-2.66%"
"26/08/2024","1.956","1.998","2.022","1.948","1.79K","-3.50%"
"24/08/2024","2.027","2.027","2.027","2.027","","0.25%"
"23/08/2024","2.022","2.022","2.096","2.005","2.65K","-1.51%"
"22/08/2024","2.053","2.188","2.199","2.031","5.15K","-5.70%"
"21/08/2024","2.177","2.199","2.226","2.131","4.49K","-0.96%"
"20/08/2024","2.198","2.246","2.277","2.173","4.04K","-1.66%"
"19/08/2024","2.235","2.124","2.254","2.098","5.23K","5.03%"
"17/08/2024","2.128","2.128","2.128","2.128","","0.24%"
"16/08/2024","2.123","2.194","2.216","2.111","3.85K","-3.37%"
"15/08/2024","2.197","2.227","2.301","2.188","4.94K","-0.99%"
"14/08/2024","2.219","2.151","2.276","2.145","4.46K","3.31%"
"13/08/2024","2.148","2.168","2.238","2.135","4.11K","-1.87%"
"12/08/2024","2.189","2.172","2.254","2.155","4.42K","1.16%"
"10/08/2024","2.164","2.164","2.164","2.164","","0.98%"
"09/08/2024","2.143","2.146","2.188","2.104","4.64K","0.75%"
"08/08/2024","2.127","2.064","2.178","2.027","4.83K","0.71%"
"07/08/2024","2.112","2.018","2.120","2.012","3.89K","5.07%"
"06/08/2024","2.010","1.957","2.031","1.900","3.73K","3.50%"
"05/08/2024","1.942","1.936","1.988","1.881","3.75K","-1.82%"
"03/08/2024","1.978","1.978","1.978","1.978","","0.56%"
"02/08/2024","1.967","1.978","2.022","1.921","3.40K","-0.05%"
"01/08/2024","1.968","2.044","2.129","1.964","5.36K","-3.34%"
"31/07/2024","2.036","2.123","2.149","2.022","4.01K","-4.23%"
"30/07/2024","2.126","2.047","2.135","1.991","4.25K","4.42%"
"29/07/2024","2.036","2.070","2.102","1.999","4.40K","-0.20%"
"27/07/2024","2.040","2.040","2.040","2.040","","1.69%"
"26/07/2024","2.006","2.047","2.083","2.007","0.55K","-1.71%"
"25/07/2024","2.041","2.121","2.155","2.036","0.98K","-3.59%"
"24/07/2024","2.117","2.169","2.169","2.102","1.29K","-3.20%"
"23/07/2024","2.187","2.214","2.266","2.128","2.48K","-2.84%"
"22/07/2024","2.251","2.106","2.269","2.101","3.39K","6.13%"
"20/07/2024","2.121","2.121","2.121","2.121","","-0.33%"
"19/07/2024","2.128","2.091","2.144","2.058","2.27K","0.14%"
"18/07/2024","2.125","2.057","2.135","2.024","4.55K","4.42%"
"17/07/2024","2.035","2.179","2.207","2.016","5.29K","-6.99%"
"16/07/2024","2.188","2.171","2.216","2.148","2.88K","1.39%"
"15/07/2024","2.158","2.284","2.295","2.150","3.83K","-6.74%"
"13/07/2024","2.314","2.314","2.314","2.314","","-0.64%"
"12/07/2024","2.329","2.272","2.350","2.246","3.84K","2.69%"
"11/07/2024","2.268","2.323","2.342","2.254","3.34K","-2.62%"
"10/07/2024","2.329","2.349","2.384","2.291","4.27K","-0.64%"
"09/07/2024","2.344","2.352","2.446","2.330","6.05K","-0.93%"
"08/07/2024","2.366","2.286","2.390","2.233","4.40K","2.03%"
"05/07/2024","2.319","2.420","2.440","2.315","5.59K","-2.19%"
"04/07/2024","2.371","2.432","2.440","2.337","2.08K","-1.94%"
"03/07/2024","2.418","2.439","2.479","2.409","4.20K","-0.70%"
"02/07/2024","2.435","2.478","2.484","2.414","4.99K","-1.74%"
"01/07/2024","2.478","2.650","2.650","2.470","5.14K","-4.73%"
"29/06/2024","2.601","2.601","2.601","2.601","","0.00%"
"28/06/2024","2.601","2.708","2.762","2.593","5.13K","-3.13%"
"27/06/2024","2.685","2.731","2.784","2.671","4.83K","-2.19%"
"26/06/2024","2.745","2.869","2.884","2.731","3.27K","-0.40%"
"25/06/2024","2.756","2.825","2.840","2.725","0.22K","-1.96%"
"24/06/2024","2.811","2.671","2.833","2.648","0.95K","3.54%"
"22/06/2024","2.715","2.715","2.715","2.715","","0.37%"
"21/06/2024","2.705","2.741","2.766","2.673","1.84K","-1.31%"
"20/06/2024","2.741","2.911","2.949","2.725","7.31K","-6.07%"
"19/06/2024","2.918","2.902","2.930","2.858","1.93K","0.31%"
"18/06/2024","2.909","2.787","2.917","2.778","3.87K","4.34%"
"17/06/2024","2.788","2.861","2.865","2.760","4.42K","-3.23%"
"14/06/2024","2.881","2.917","3.000","2.871","4.45K","-2.64%"
"13/06/2024","2.959","3.027","3.089","2.899","5.32K","-2.82%"
"12/06/2024","3.045","3.148","3.149","2.993","5.80K","-2.68%"
"11/06/2024","3.129","2.965","3.155","2.910","4.98K","7.67%"
"10/06/2024","2.906","2.960","3.097","2.860","8.13K","-0.41%"
"07/06/2024","2.918","2.812","2.967","2.791","6.00K","3.44%"
"06/06/2024","2.821","2.754","2.875","2.725","5.12K","2.32%"
"05/06/2024","2.757","2.619","2.785","2.605","5.42K","6.61%"
"04/06/2024","2.586","2.734","2.827","2.573","4.93K","-6.17%"
"03/06/2024","2.756","2.626","2.799","2.626","6.44K","6.53%"
"31/05/2024","2.587","2.568","2.622","2.519","2.62K","0.58%"
"30/05/2024","2.572","2.666","2.681","2.562","3.11K","-3.53%"
"29/05/2024","2.666","2.838","2.847","2.653","3.50K","2.93%"
"28/05/2024","2.590","2.487","2.637","2.477","0.49K","3.39%"
"27/05/2024","2.505","2.480","2.581","2.477","0.29K","0.60%"
"26/05/2024","2.490","2.488","2.502","2.478","0.03K","-1.19%"
"24/05/2024","2.520","2.661","2.709","2.491","1.86K","-5.16%"
"23/05/2024","2.657","2.807","2.923","2.638","3.94K","-6.51%"
"22/05/2024","2.842","2.651","2.850","2.608","4.41K","6.40%"
"21/05/2024","2.671","2.727","2.797","2.643","4.40K","-2.91%"
"20/05/2024","2.751","2.659","2.757","2.625","3.86K","4.28%"
"18/05/2024","2.638","2.638","2.638","2.638","","0.46%"
"17/05/2024","2.626","2.491","2.652","2.468","3.55K","5.25%"
"16/05/2024","2.495","2.404","2.574","2.389","4.51K","3.27%"
"15/05/2024","2.416","2.350","2.422","2.313","2.90K","3.07%"
"14/05/2024","2.344","2.370","2.393","2.307","2.54K","-1.55%"
"13/05/2024","2.381","2.240","2.382","2.210","2.95K","6.01%"
"11/05/2024","2.246","2.246","2.246","2.246","","-0.27%"
"10/05/2024","2.252","2.307","2.343","2.243","3.36K","-2.13%"
"09/05/2024","2.301","2.185","2.317","2.154","3.66K","5.21%"
"08/05/2024","2.187","2.218","2.273","2.167","2.95K","-0.91%"
"07/05/2024","2.207","2.199","2.227","2.143","2.69K","0.55%"
"06/05/2024","2.195","2.164","2.260","2.133","3.14K","2.33%"
"04/05/2024","2.145","2.145","2.145","2.145","","0.14%"
"03/05/2024","2.142","2.036","2.160","2.013","2.96K","5.26%"
"02/05/2024","2.035","1.942","2.049","1.926","2.80K","5.33%"
"01/05/2024","1.932","1.952","1.969","1.914","2.24K","-2.96%"
"30/04/2024","1.991","2.049","2.093","1.953","3.13K","-1.92%"
"29/04/2024","2.030","1.932","2.054","1.917","2.51K","6.01%"
"27/04/2024","1.915","1.915","1.915","1.915","","-0.42%"
"26/04/2024","1.923","1.981","2.000","1.909","1.46K","17.40%"
"25/04/2024","1.638","1.659","1.675","1.603","0.27K","-0.91%"
"24/04/2024","1.653","1.812","1.839","1.638","0.80K","-8.77%"
"23/04/2024","1.812","1.796","1.847","1.746","0.85K","1.17%"
"22/04/2024","1.791","1.758","1.796","1.722","1.13K","1.53%"
"20/04/2024","1.764","1.764","1.764","1.764","","0.68%"
"19/04/2024","1.752","1.747","1.805","1.724","1.83K","-0.28%"
"18/04/2024","1.757","1.730","1.779","1.713","1.87K","2.63%"
"17/04/2024","1.712","1.674","1.723","1.660","1.54K","-1.15%"
"16/04/2024","1.732","1.687","1.800","1.647","3.10K","2.42%"
"15/04/2024","1.691","1.800","1.800","1.677","2.17K","-4.68%"
"13/04/2024","1.774","1.774","1.774","1.774","","0.23%"
"12/04/2024","1.770","1.767","1.784","1.731","1.83K","0.34%"
"11/04/2024","1.764","1.873","1.890","1.754","2.22K","-6.42%"
"10/04/2024","1.885","1.888","1.941","1.868","1.64K","0.69%"
"09/04/2024","1.872","1.827","1.922","1.809","1.79K","1.52%"
"08/04/2024","1.844","1.830","1.849","1.747","1.76K","3.31%"
"05/04/2024","1.785","1.789","1.821","1.756","1.59K","0.62%"
"04/04/2024","1.774","1.843","1.852","1.768","1.57K","-3.64%"
"03/04/2024","1.841","1.850","1.905","1.836","1.58K","-1.13%"
"02/04/2024","1.862","1.843","1.883","1.780","2.92K","1.36%"
"01/04/2024","1.837","1.753","1.854","1.708","2.79K","4.20%"
"28/03/2024","1.763","1.725","1.786","1.688","2.00K","2.62%"
"27/03/2024","1.718","1.785","1.807","1.705","1.96K","-3.91%"
"26/03/2024","1.788","1.793","1.829","1.774","1.49K","10.71%"
"25/03/2024","1.615","1.673","1.673","1.590","0.58K","-2.65%"
"22/03/2024","1.659","1.693","1.707","1.648","0.55K","-1.43%"
"21/03/2024","1.683","1.706","1.711","1.652","0.71K","-0.94%"
"20/03/2024","1.699","1.751","1.760","1.685","1.23K","-2.58%"
"19/03/2024","1.744","1.714","1.770","1.700","1.17K","2.41%"
"18/03/2024","1.703","1.692","1.760","1.684","1.65K","2.90%"
"15/03/2024","1.655","1.757","1.773","1.645","2.42K","-4.94%"
"14/03/2024","1.741","1.668","1.766","1.645","2.66K","5.01%"
"13/03/2024","1.658","1.709","1.717","1.651","2.32K","-3.27%"
"12/03/2024","1.714","1.752","1.821","1.690","2.38K","-2.56%"
"11/03/2024","1.759","1.826","1.842","1.746","2.78K","-2.87%"
"09/03/2024","1.811","1.811","1.811","1.811","","0.33%"
"08/03/2024","1.805","1.797","1.838","1.756","1.71K","-0.72%"
"07/03/2024","1.818","1.925","1.954","1.782","2.21K","-5.75%"
"06/03/2024","1.929","1.953","1.982","1.919","1.46K","-1.43%"
"05/03/2024","1.957","1.934","2.007","1.891","2.92K","2.14%"
"04/03/2024","1.916","1.870","1.988","1.837","4.05K","4.41%"
"01/03/2024","1.835","1.852","1.887","1.812","1.54K","-1.34%"
"29/02/2024","1.860","1.866","1.916","1.830","2.31K","-1.33%"
"28/02/2024","1.885","1.818","1.904","1.781","2.84K","4.26%"
"27/02/2024","1.808","1.758","1.838","1.711","3.75K","8.98%"
"26/02/2024","1.659","1.620","1.730","1.610","0.66K","5.33%"
"24/02/2024","1.575","1.575","1.575","1.575","","-1.75%"
"23/02/2024","1.603","1.706","1.722","1.575","1.11K","-7.45%"
"22/02/2024","1.732","1.786","1.786","1.661","1.15K","-2.31%"
"21/02/2024","1.773","1.708","1.790","1.678","2.72K","12.50%"
"20/02/2024","1.576","1.550","1.705","1.513","4.98K","1.55%"
"19/02/2024","1.552","1.559","1.582","1.539","1.08K","-0.06%"
"18/02/2024","1.553","1.603","1.603","1.513","0.24K","-3.12%"
"17/02/2024","1.603","1.603","1.603","1.603","","-0.37%"
"16/02/2024","1.609","1.581","1.636","1.574","2.28K","1.77%"
"15/02/2024","1.581","1.609","1.666","1.571","2.06K","-1.74%"
"14/02/2024","1.609","1.705","1.710","1.588","3.56K","-4.74%"
"13/02/2024","1.689","1.754","1.786","1.653","4.81K","-4.47%"
"12/02/2024","1.768","1.854","1.862","1.730","3.90K","-4.28%"
"09/02/2024","1.847","1.882","1.884","1.817","3.01K","-3.65%"
"08/02/2024","1.917","1.970","1.992","1.867","6.15K","-2.54%"
"07/02/2024","1.967","2.014","2.039","1.956","1.59K","-2.09%"
"06/02/2024","2.009","2.094","2.101","1.996","2.19K","-3.51%"
"05/02/2024","2.082","2.100","2.124","2.041","1.53K","-0.14%"
"03/02/2024","2.085","2.085","2.085","2.085","","0.29%"
"02/02/2024","2.079","2.080","2.099","2.022","1.59K","1.41%"
"01/02/2024","2.050","2.148","2.166","2.033","2.11K","-2.38%"
"31/01/2024","2.100","2.116","2.156","2.037","2.34K","1.11%"
"30/01/2024","2.077","2.064","2.118","2.046","5.39K","1.12%"
"29/01/2024","2.054","2.179","2.179","2.047","1.95K","-5.61%"
"27/01/2024","2.176","2.176","2.176","2.176","","-19.76%"
"26/01/2024","2.712","2.575","2.653","2.471","0.08K","5.48%"
"25/01/2024","2.571","2.681","2.880","2.532","0.94K","-2.65%"
"24/01/2024","2.641","2.499","2.695","2.491","1.66K","7.80%"
"23/01/2024","2.450","2.490","2.490","2.324","1.63K","1.28%"
"22/01/2024","2.419","2.505","2.505","2.300","2.42K","-3.82%"
"20/01/2024","2.515","2.515","2.515","2.515","","-0.16%"
"19/01/2024","2.519","2.706","2.706","2.513","2.87K","-6.60%"
"18/01/2024","2.697","2.909","2.960","2.665","5.33K","-6.03%"
"17/01/2024","2.870","2.860","2.957","2.758","3.84K","-1.03%"
"16/01/2024","2.900","3.151","3.183","2.823","8.13K","-5.38%"
"15/01/2024","3.065","3.119","3.183","3.056","3.39K","-1.45%"
"14/01/2024","3.110","3.332","3.332","3.087","0.51K","-6.66%"
"13/01/2024","3.332","3.332","3.332","3.332","","0.57%"
"12/01/2024","3.313","3.133","3.375","3.103","9.80K","6.97%"
"11/01/2024","3.097","3.035","3.232","2.943","7.26K","1.91%"
"10/01/2024","3.039","3.164","3.225","2.957","8.95K","-4.73%"
"09/01/2024","3.190","2.934","3.391","2.885","11.48K","7.05%"
"08/01/2024","2.980","2.920","3.011","2.660","4.59K","2.58%"
"06/01/2024","2.905","2.905","2.905","2.905","","0.41%"
"05/01/2024","2.893","2.836","2.905","2.682","2.88K","2.55%"
"04/01/2024","2.821","2.690","2.862","2.686","3.34K","5.73%"
"03/01/2024","2.668","2.572","2.717","2.540","2.60K","3.89%"
"02/01/2024","2.568","2.525","2.676","2.525","2.83K","-3.82%"
"01/01/2024","2.670","2.532","2.670","2.532","0.29K","6.84%"
"31/12/2023","2.499","2.499","2.499","2.499","","0.00%"
"30/12/2023","2.499","2.499","2.499","2.499","","-0.60%"
"29/12/2023","2.514","2.538","2.560","2.490","1.41K","-1.68%"
"28/12/2023","2.557","2.458","2.574","2.402","2.33K","4.92%"
"27/12/2023","2.437","2.434","2.569","2.430","2.10K","-4.43%"
"26/12/2023","2.550","2.521","2.610","2.470","0.05K","0.63%"
"25/12/2023","2.534","2.520","2.545","2.520","0.02K","-3.21%"
"24/12/2023","2.618","2.618","2.618","2.618","","0.00%"
"23/12/2023","2.618","2.618","2.618","2.618","","0.31%"
"22/12/2023","2.610","2.584","2.619","2.531","0.69K","1.48%"
"21/12/2023","2.572","2.428","2.599","2.413","1.39K","5.11%"
"20/12/2023","2.447","2.568","2.578","2.410","1.75K","-1.81%"
"19/12/2023","2.492","2.511","2.565","2.386","1.85K","-0.44%"
"18/12/2023","2.503","2.519","2.593","2.490","1.54K","1.67%"
"16/12/2023","2.462","2.462","2.462","2.462","","-1.16%"
"15/12/2023","2.491","2.415","2.543","2.380","2.61K","4.14%"
"14/12/2023","2.392","2.353","2.421","2.330","1.47K","2.44%"
"13/12/2023","2.335","2.269","2.383","2.234","2.33K","1.04%"
"12/12/2023","2.311","2.450","2.459","2.279","2.00K","-4.94%"
"11/12/2023","2.431","2.473","2.478","2.288","3.66K","-4.52%"
"09/12/2023","2.546","2.546","2.546","2.546","","-1.36%"
"08/12/2023","2.581","2.573","2.608","2.538","1.59K","-0.15%"
"07/12/2023","2.585","2.573","2.640","2.490","2.36K","0.62%"
"06/12/2023","2.569","2.703","2.754","2.539","3.27K","-5.20%"
"05/12/2023","2.710","2.702","2.785","2.679","1.61K","0.59%"
"04/12/2023","2.694","2.735","2.751","2.649","1.71K","-4.26%"
"01/12/2023","2.814","2.816","2.841","2.755","1.80K","0.43%"
"30/11/2023","2.802","2.794","2.856","2.766","0.87K","-0.07%"
"29/11/2023","2.804","2.807","2.866","2.764","0.98K","-1.16%"
"28/11/2023","2.837","2.951","2.987","2.785","0.82K","1.54%"
"27/11/2023","2.794","2.868","2.868","2.716","0.36K","-2.14%"
"24/11/2023","2.855","2.885","2.957","2.800","0.59K","-1.45%"
"22/11/2023","2.897","2.862","2.909","2.820","0.40K","1.79%"
"21/11/2023","2.846","2.895","2.920","2.843","0.78K","-1.25%"
"20/11/2023","2.882","3.030","3.030","2.871","1.17K","-2.64%"
"17/11/2023","2.960","3.055","3.104","2.894","2.29K","-3.33%"
"16/11/2023","3.062","3.142","3.262","3.035","3.48K","-4.01%"
"15/11/2023","3.190","3.094","3.272","3.073","1.52K","2.70%"
"14/11/2023","3.106","3.243","3.260","3.088","1.92K","-2.85%"
"13/11/2023","3.197","3.084","3.244","3.084","1.36K","5.41%"
"10/11/2023","3.033","3.027","3.076","2.989","0.76K","-0.26%"
"09/11/2023","3.041","3.119","3.161","3.028","5.80K","-2.09%"
"08/11/2023","3.106","3.175","3.186","3.058","6.75K","-1.08%"
"07/11/2023","3.140","3.263","3.292","3.099","8.33K","-3.80%"
"06/11/2023","3.264","3.379","3.401","3.251","21.28K","-7.14%"