Date,Price,Open,High,Low,Vol.,Change %
2026-09-03,24.09,24.09,24.09,24.09,,1.39%
2026-09-02,23.76,23.76,23.76,23.76,,0.61%
2026-09-01,23.615,23.615,23.615,23.615,,4.01%
2026-08-31,22.705,22.705,22.705,22.705,,-2.03%
2026-08-28,23.175,23.175,23.175,23.175,,-1.00%
2026-08-27,23.41,23.41,23.41,23.41,,2.03%
2026-08-26,22.945,22.945,22.945,22.945,,-1.61%
2026-08-25,23.32,23.32,23.32,23.32,,-0.81%
2026-08-24,23.51,23.51,23.51,23.51,,2.48%
2026-08-21,22.94,22.94,22.94,22.94,,1.46%
2026-08-20,22.61,22.61,22.61,22.61,,2.38%
2026-08-19,22.085,22.085,22.085,22.085,,0.91%
2026-08-18,21.885,21.885,21.885,21.885,,1.25%
2026-08-17,21.615,21.615,21.615,21.615,,1.87%
2026-08-14,21.219,21.219,21.219,21.219,,0.11%
2026-08-13,21.195,21.195,21.195,21.195,,-0.21%
2026-08-12,21.24,21.24,21.24,21.24,,0.26%
2026-08-11,21.185,21.185,21.185,21.185,,-0.35%
2026-08-10,21.26,21.26,21.26,21.26,,0.69%
2026-08-07,21.115,21.115,21.115,21.115,,-0.12%
2026-08-06,21.14,21.14,21.14,21.14,,1.08%
2026-08-05,20.915,20.915,20.915,20.915,,-1.23%
2026-08-04,21.175,21.175,21.175,21.175,,-0.38%
2026-08-03,21.255,21.255,21.255,21.255,,-0.91%
2026-07-31,21.45,21.45,21.45,21.45,,0.35%
2026-07-30,21.375,21.375,21.375,21.375,,-0.26%
2026-07-29,21.43,21.43,21.43,21.43,,0.49%
2026-07-28,21.325,21.325,21.325,21.325,,-0.49%
2026-07-27,21.43,21.43,21.43,21.43,,-2.59%
2026-07-24,22.0,22.0,22.0,22.0,,0.80%
2026-07-23,21.825,21.825,21.825,21.825,,-0.80%
2026-07-22,22.0,22.0,22.0,22.0,,3.12%
2026-07-21,21.335,21.335,21.335,21.335,,1.47%
2026-07-20,21.025,21.025,21.025,21.025,,0.19%
2026-07-17,20.985,20.985,20.985,20.985,,5.32%
2026-07-16,19.925,19.925,19.925,19.925,,18.54%
2026-07-15,16.808,16.808,16.808,16.808,,0.92%
2026-07-14,16.655,16.655,16.655,16.655,,0.76%
2026-07-13,16.53,16.53,16.53,16.53,,0.06%
2026-07-10,16.52,16.52,16.52,16.52,,-0.33%
2026-07-09,16.575,16.575,16.575,16.575,,0.39%
2026-07-08,16.51,16.51,16.51,16.51,,2.07%
2026-07-07,16.175,16.175,16.175,16.175,,0.68%
2026-07-06,16.065,16.065,16.065,16.065,,-0.09%
2026-07-02,16.08,16.08,16.08,16.08,,0.34%
2026-07-01,16.025,16.025,16.025,16.025,,-0.16%
2026-06-30,16.05,16.05,16.05,16.05,,1.45%
2026-06-29,15.82,15.82,15.82,15.82,,1.90%
2026-06-26,15.525,15.525,15.525,15.525,,0.91%
2026-06-25,15.385,15.385,15.385,15.385,,-1.06%
2026-06-24,15.55,15.55,15.55,15.55,,-1.21%
2026-06-23,15.74,15.74,15.74,15.74,,-0.76%
2026-06-22,15.86,15.86,15.86,15.86,,3.56%
2026-06-18,15.315,15.315,15.315,15.315,,-3.19%
2026-06-17,15.82,15.82,15.82,15.82,,-0.75%
2026-06-16,15.94,15.94,15.94,15.94,,-15.14%
2026-06-15,18.783,18.783,18.783,18.783,,-0.38%
2026-06-12,18.855,18.855,18.855,18.855,,-0.34%
2026-06-11,18.92,18.92,18.92,18.92,,0.03%
2026-06-10,18.915,18.915,18.915,18.915,,0.16%
2026-06-09,18.885,18.885,18.885,18.885,,-0.05%
2026-06-08,18.895,18.895,18.895,18.895,,0.64%
2026-06-05,18.775,18.775,18.775,18.775,,0.05%
2026-06-04,18.765,18.765,18.765,18.765,,-0.27%
2026-06-03,18.815,18.815,18.815,18.815,,1.10%
2026-06-02,18.61,18.61,18.61,18.61,,-0.40%
2026-06-01,18.685,18.685,18.685,18.685,,2.10%
2026-05-29,18.3,18.3,18.3,18.3,,-0.19%
2026-05-28,18.335,18.335,18.335,18.335,,0.55%
2026-05-27,18.235,18.235,18.235,18.235,,-1.03%
2026-05-26,18.425,18.425,18.425,18.425,,-2.05%
2026-05-22,18.81,18.81,18.81,18.81,,-0.58%
2026-05-21,18.92,18.92,18.92,18.92,,0.08%
2026-05-20,18.905,18.905,18.905,18.905,,-3.62%
2026-05-19,19.615,19.615,19.615,19.615,,3.45%
2026-05-18,18.96,18.96,18.96,18.96,,10.84%
2026-05-15,17.105,17.105,17.105,17.105,,0.23%
2026-05-14,17.065,17.065,17.065,17.065,,0.26%
2026-05-13,17.02,17.02,17.02,17.02,,0.21%
2026-05-12,16.985,16.985,16.985,16.985,,0.24%
2026-05-11,16.945,16.945,16.945,16.945,,0.44%
2026-05-08,16.87,16.87,16.87,16.87,,0.18%
2026-05-07,16.84,16.84,16.84,16.84,,-0.06%
2026-05-06,16.85,16.85,16.85,16.85,,-1.09%
2026-05-05,17.035,17.035,17.035,17.035,,1.01%
2026-05-04,16.865,16.865,16.865,16.865,,0.00%
2026-05-01,16.865,16.865,16.865,16.865,,-0.24%
2026-04-30,16.905,16.905,16.905,16.905,,-0.35%
2026-04-29,16.965,16.965,16.965,16.965,,2.94%
2026-04-28,16.48,16.48,16.48,16.48,,-0.45%
2026-04-27,16.555,16.555,16.555,16.555,,0.03%
2026-04-24,16.55,16.55,16.55,16.55,,0.98%
2026-04-23,16.39,16.39,16.39,16.39,,1.64%
2026-04-22,16.125,16.125,16.125,16.125,,1.99%
2026-04-21,15.81,15.81,15.81,15.81,,3.77%
2026-04-20,15.235,15.235,15.235,15.235,,1.57%
2026-04-17,15.0,15.0,15.0,15.0,,-7.01%
2026-04-16,16.13,16.13,16.13,16.13,,-15.98%
2026-04-15,19.198,19.198,19.198,19.198,,-0.79%
2026-04-14,19.35,19.35,19.35,19.35,,-0.46%
2026-04-13,19.44,19.44,19.44,19.44,,0.10%
2026-04-10,19.42,19.42,19.42,19.42,,-0.38%
2026-04-09,19.495,19.495,19.495,19.495,,0.03%
2026-04-08,19.49,19.49,19.49,19.49,,-1.89%
2026-04-07,19.865,19.865,19.865,19.865,,-0.50%
2026-04-06,19.965,19.965,19.965,19.965,,0.00%
2026-04-03,19.965,19.965,19.965,19.965,,0.00%
2026-04-02,19.965,19.965,19.965,19.965,,0.68%
2026-04-01,19.83,19.83,19.83,19.83,,-1.49%
2026-03-31,20.13,20.13,20.13,20.13,,-1.95%
2026-03-30,20.53,20.53,20.53,20.53,,0.66%
2026-03-27,20.395,20.395,20.395,20.395,,-0.49%
2026-03-26,20.495,20.495,20.495,20.495,,2.53%
2026-03-25,19.99,19.99,19.99,19.99,,-2.61%
2026-03-24,20.525,20.525,20.525,20.525,,-2.26%
2026-03-23,21.0,21.0,21.0,21.0,,-3.25%
2026-03-20,21.705,21.705,21.705,21.705,,-2.89%
2026-03-19,22.35,22.35,22.35,22.35,,10.78%
2026-03-18,20.175,20.175,20.175,20.175,,3.94%
2026-03-17,19.41,19.41,19.41,19.41,,0.70%
2026-03-16,19.275,19.275,19.275,19.275,,19.09%
2026-03-13,16.185,16.185,16.185,16.185,,0.59%
2026-03-12,16.09,16.09,16.09,16.09,,0.69%
2026-03-11,15.98,15.98,15.98,15.98,,0.38%
2026-03-10,15.92,15.92,15.92,15.92,,-1.91%
2026-03-09,16.23,16.23,16.23,16.23,,3.31%
2026-03-06,15.71,15.71,15.71,15.71,,1.39%
2026-03-05,15.495,15.495,15.495,15.495,,2.58%
2026-03-04,15.105,15.105,15.105,15.105,,-4.22%
2026-03-03,15.77,15.77,15.77,15.77,,17.99%
2026-03-02,13.365,13.365,13.365,13.365,,24.62%
2026-02-27,10.725,10.725,10.725,10.725,,1.13%
2026-02-26,10.605,10.605,10.605,10.605,,0.09%
2026-02-25,10.595,10.595,10.595,10.595,,0.71%
2026-02-24,10.52,10.52,10.52,10.52,,-1.91%
2026-02-23,10.725,10.725,10.725,10.725,,0.61%
2026-02-20,10.66,10.66,10.66,10.66,,-1.11%
2026-02-19,10.78,10.78,10.78,10.78,,3.70%
2026-02-18,10.395,10.395,10.395,10.395,,4.37%
2026-02-17,9.96,9.96,9.96,9.96,,-9.40%
2026-02-13,10.993,10.993,10.993,10.993,,-0.11%
2026-02-12,11.005,11.005,11.005,11.005,,-0.05%
2026-02-11,11.01,11.01,11.01,11.01,,-0.05%
2026-02-10,11.015,11.015,11.015,11.015,,-0.27%
2026-02-09,11.045,11.045,11.045,11.045,,-0.54%
2026-02-06,11.105,11.105,11.105,11.105,,0.23%
2026-02-05,11.08,11.08,11.08,11.08,,-0.18%
2026-02-04,11.1,11.1,11.1,11.1,,-0.27%
2026-02-03,11.13,11.13,11.13,11.13,,-0.18%
2026-02-02,11.15,11.15,11.15,11.15,,-3.25%
2026-01-30,11.525,11.525,11.525,11.525,,0.52%
2026-01-29,11.465,11.465,11.465,11.465,,1.55%
2026-01-28,11.29,11.29,11.29,11.29,,-0.53%
2026-01-27,11.35,11.35,11.35,11.35,,1.11%
2026-01-26,11.225,11.225,11.225,11.225,,-0.53%
2026-01-23,11.285,11.285,11.285,11.285,,0.58%
2026-01-22,11.22,11.22,11.22,11.22,,-1.01%
2026-01-21,11.335,11.335,11.335,11.335,,4.91%
2026-01-20,10.805,10.805,10.805,10.805,,-3.14%
2026-01-16,11.155,11.155,11.155,11.155,,16.08%
2026-01-15,9.61,9.61,9.61,9.61,,0.16%
2026-01-14,9.595,9.595,9.595,9.595,,-0.16%
2026-01-13,9.61,9.61,9.61,9.61,,0.00%
2026-01-12,9.61,9.61,9.61,9.61,,0.47%
2026-01-09,9.565,9.565,9.565,9.565,,0.10%
2026-01-08,9.555,9.555,9.555,9.555,,-0.52%
2026-01-07,9.605,9.605,9.605,9.605,,0.31%
2026-01-06,9.575,9.575,9.575,9.575,,0.37%
2026-01-05,9.54,9.54,9.54,9.54,,-1.65%
2026-01-02,9.7,9.7,9.7,9.7,,0.99%
2025-12-31,9.605,9.605,9.605,9.605,,0.37%
2025-12-30,9.57,9.57,9.57,9.57,,-1.24%
2025-12-29,9.69,9.69,9.69,9.69,,-0.31%
2025-12-26,9.72,9.72,9.72,9.72,,-0.10%
2025-12-24,9.73,9.73,9.73,9.73,,1.04%
2025-12-23,9.63,9.63,9.63,9.63,,0.42%
2025-12-22,9.59,9.59,9.59,9.59,,-0.88%
2025-12-19,9.675,9.675,9.675,9.675,,1.26%
2025-12-18,9.555,9.555,9.555,9.555,,0.21%
2025-12-17,9.535,9.535,9.535,9.535,,0.85%
2025-12-16,9.455,9.455,9.455,9.455,,-11.32%
2025-12-15,10.662,10.662,10.662,10.662,,-0.36%
2025-12-12,10.7,10.7,10.7,10.7,,-0.42%
2025-12-11,10.745,10.745,10.745,10.745,,-0.28%
2025-12-10,10.775,10.775,10.775,10.775,,-0.69%
2025-12-09,10.85,10.85,10.85,10.85,,-0.14%
2025-12-08,10.865,10.865,10.865,10.865,,-0.14%
2025-12-05,10.88,10.88,10.88,10.88,,-0.18%
2025-12-04,10.9,10.9,10.9,10.9,,-0.77%
2025-12-03,10.985,10.985,10.985,10.985,,-0.14%
2025-12-02,11.0,11.0,11.0,11.0,,-0.59%
2025-12-01,11.065,11.065,11.065,11.065,,-0.23%
2025-11-28,11.09,11.09,11.09,11.09,,-0.22%
2025-11-26,11.115,11.115,11.115,11.115,,-0.13%
2025-11-25,11.13,11.13,11.13,11.13,,-1.07%
2025-11-24,11.25,11.25,11.25,11.25,,-1.88%
2025-11-21,11.465,11.465,11.465,11.465,,-2.05%
2025-11-20,11.705,11.705,11.705,11.705,,1.43%
2025-11-19,11.54,11.54,11.54,11.54,,0.09%
2025-11-18,11.53,11.53,11.53,11.53,,1.14%
2025-11-17,11.4,11.4,11.4,11.4,,2.45%
2025-11-14,11.127,11.127,11.127,11.127,,-0.03%
2025-11-13,11.13,11.13,11.13,11.13,,-0.04%
2025-11-12,11.135,11.135,11.135,11.135,,0.04%
2025-11-11,11.13,11.13,11.13,11.13,,-0.18%
2025-11-10,11.15,11.15,11.15,11.15,,0.18%
2025-11-07,11.13,11.13,11.13,11.13,,-0.22%
2025-11-06,11.155,11.155,11.155,11.155,,-0.04%
2025-11-05,11.16,11.16,11.16,11.16,,-0.27%
2025-11-04,11.19,11.19,11.19,11.19,,0.36%
2025-11-03,11.15,11.15,11.15,11.15,,1.36%
2025-10-31,11.0,11.0,11.0,11.0,,-1.17%
2025-10-30,11.13,11.13,11.13,11.13,,-0.76%
2025-10-29,11.215,11.215,11.215,11.215,,0.58%
2025-10-28,11.15,11.15,11.15,11.15,,0.27%
2025-10-27,11.12,11.12,11.12,11.12,,-0.76%
2025-10-24,11.205,11.205,11.205,11.205,,-0.53%
2025-10-23,11.265,11.265,11.265,11.265,,0.99%
2025-10-22,11.155,11.155,11.155,11.155,,-0.54%
2025-10-21,11.215,11.215,11.215,11.215,,1.49%
2025-10-20,11.05,11.05,11.05,11.05,,-0.85%
2025-10-17,11.145,11.145,11.145,11.145,,-0.49%
2025-10-16,11.2,11.2,11.2,11.2,,1.67%
2025-10-15,11.016,11.016,11.016,11.016,,-0.13%
2025-10-14,11.03,11.03,11.03,11.03,,-0.09%
2025-10-13,11.04,11.04,11.04,11.04,,-0.18%
2025-10-10,11.06,11.06,11.06,11.06,,-0.18%
2025-10-09,11.08,11.08,11.08,11.08,,-0.31%
2025-10-08,11.115,11.115,11.115,11.115,,-0.18%
2025-10-07,11.135,11.135,11.135,11.135,,0.04%
2025-10-06,11.13,11.13,11.13,11.13,,0.82%
2025-10-03,11.04,11.04,11.04,11.04,,0.14%
2025-10-02,11.025,11.025,11.025,11.025,,-0.18%
2025-10-01,11.045,11.045,11.045,11.045,,-0.05%
2025-09-30,11.05,11.05,11.05,11.05,,-1.34%
2025-09-29,11.2,11.2,11.2,11.2,,-0.84%
2025-09-26,11.295,11.295,11.295,11.295,,0.13%
2025-09-25,11.28,11.28,11.28,11.28,,0.53%
2025-09-24,11.22,11.22,11.22,11.22,,-1.19%
2025-09-23,11.355,11.355,11.355,11.355,,0.75%
2025-09-22,11.27,11.27,11.27,11.27,,-0.84%
2025-09-19,11.365,11.365,11.365,11.365,,-1.39%
2025-09-18,11.525,11.525,11.525,11.525,,0.39%
2025-09-17,11.48,11.48,11.48,11.48,,0.26%
2025-09-16,11.45,11.45,11.45,11.45,,0.79%
2025-09-15,11.36,11.36,11.36,11.36,,0.04%
2025-09-12,11.355,11.355,11.355,11.355,,0.09%
2025-09-11,11.345,11.345,11.345,11.345,,0.09%
2025-09-10,11.335,11.335,11.335,11.335,,0.04%
2025-09-09,11.33,11.33,11.33,11.33,,-0.13%
2025-09-08,11.345,11.345,11.345,11.345,,0.40%
2025-09-05,11.3,11.3,11.3,11.3,,0.49%
2025-09-04,11.245,11.245,11.245,11.245,,0.18%
2025-09-03,11.225,11.225,11.225,11.225,,-0.18%
2025-09-02,11.245,11.245,11.245,11.245,,0.27%
2025-08-29,11.215,11.215,11.215,11.215,,0.09%
2025-08-28,11.205,11.205,11.205,11.205,,-0.93%
2025-08-27,11.31,11.31,11.31,11.31,,-1.57%
2025-08-26,11.49,11.49,11.49,11.49,,-0.52%
2025-08-25,11.55,11.55,11.55,11.55,,0.00%
2025-08-22,11.55,11.55,11.55,11.55,,0.96%
2025-08-21,11.44,11.44,11.44,11.44,,2.97%
2025-08-20,11.11,11.11,11.11,11.11,,1.79%
2025-08-19,10.915,10.915,10.915,10.915,,-0.14%
2025-08-18,10.93,10.93,10.93,10.93,,-8.10%
2025-08-15,11.893,11.893,11.893,11.893,,-0.14%
2025-08-14,11.91,11.91,11.91,11.91,,-0.17%
2025-08-13,11.93,11.93,11.93,11.93,,0.04%
2025-08-12,11.925,11.925,11.925,11.925,,-0.08%
2025-08-11,11.935,11.935,11.935,11.935,,0.04%
2025-08-08,11.93,11.93,11.93,11.93,,-0.08%
2025-08-07,11.94,11.94,11.94,11.94,,0.08%
2025-08-06,11.93,11.93,11.93,11.93,,-0.50%
2025-08-05,11.99,11.99,11.99,11.99,,-0.12%
2025-08-04,12.005,12.005,12.005,12.005,,0.04%
2025-08-01,12.0,12.0,12.0,12.0,,-0.33%
2025-07-31,12.04,12.04,12.04,12.04,,0.00%
2025-07-30,12.04,12.04,12.04,12.04,,0.33%
2025-07-29,12.0,12.0,12.0,12.0,,0.63%
2025-07-28,11.925,11.925,11.925,11.925,,0.42%
2025-07-25,11.875,11.875,11.875,11.875,,-0.04%
2025-07-24,11.88,11.88,11.88,11.88,,-0.42%
2025-07-23,11.93,11.93,11.93,11.93,,-1.16%
2025-07-22,12.07,12.07,12.07,12.07,,0.75%
2025-07-21,11.98,11.98,11.98,11.98,,-0.17%
2025-07-18,12.0,12.0,12.0,12.0,,-1.48%
2025-07-17,12.18,12.18,12.18,12.18,,-1.81%
2025-07-16,12.405,12.405,12.405,12.405,,-5.34%
2025-07-15,13.105,13.105,13.105,13.105,,-0.08%
2025-07-14,13.115,13.115,13.115,13.115,,0.00%
2025-07-11,13.115,13.115,13.115,13.115,,-0.08%
2025-07-10,13.125,13.125,13.125,13.125,,0.08%
2025-07-09,13.115,13.115,13.115,13.115,,0.00%
2025-07-08,13.115,13.115,13.115,13.115,,0.15%
2025-07-07,13.095,13.095,13.095,13.095,,-0.49%
2025-07-03,13.16,13.16,13.16,13.16,,-0.04%
2025-07-02,13.165,13.165,13.165,13.165,,0.46%
2025-07-01,13.105,13.105,13.105,13.105,,-0.15%
2025-06-30,13.125,13.125,13.125,13.125,,-0.53%
2025-06-27,13.195,13.195,13.195,13.195,,-0.98%
2025-06-26,13.325,13.325,13.325,13.325,,-1.59%
2025-06-25,13.54,13.54,13.54,13.54,,0.15%
2025-06-24,13.52,13.52,13.52,13.52,,-6.50%
2025-06-23,14.46,14.46,14.46,14.46,,1.44%
2025-06-20,14.255,14.255,14.255,14.255,,2.70%
2025-06-18,13.88,13.88,13.88,13.88,,-0.89%
2025-06-17,14.005,14.005,14.005,14.005,,3.09%
2025-06-16,13.585,13.585,13.585,13.585,,8.65%
2025-06-13,12.504,12.504,12.504,12.504,,0.35%
2025-06-12,12.46,12.46,12.46,12.46,,0.12%
2025-06-11,12.445,12.445,12.445,12.445,,0.28%
2025-06-10,12.41,12.41,12.41,12.41,,-0.24%
2025-06-09,12.44,12.44,12.44,12.44,,-0.04%
2025-06-06,12.445,12.445,12.445,12.445,,0.24%
2025-06-05,12.415,12.415,12.415,12.415,,0.36%
2025-06-04,12.37,12.37,12.37,12.37,,0.32%
2025-06-03,12.33,12.33,12.33,12.33,,0.24%
2025-06-02,12.3,12.3,12.3,12.3,,1.19%
2025-05-30,12.155,12.155,12.155,12.155,,-1.14%
2025-05-29,12.295,12.295,12.295,12.295,,-1.36%
2025-05-28,12.465,12.465,12.465,12.465,,-0.24%
2025-05-27,12.495,12.495,12.495,12.495,,0.08%
2025-05-23,12.485,12.485,12.485,12.485,,1.09%
2025-05-22,12.35,12.35,12.35,12.35,,-1.04%
2025-05-21,12.48,12.48,12.48,12.48,,-0.28%
2025-05-20,12.515,12.515,12.515,12.515,,4.60%
2025-05-19,11.965,11.965,11.965,11.965,,0.59%
2025-05-16,11.895,11.895,11.895,11.895,,3.45%
2025-05-15,11.498,11.498,11.498,11.498,,0.20%
2025-05-14,11.475,11.475,11.475,11.475,,0.13%
2025-05-13,11.46,11.46,11.46,11.46,,0.17%
2025-05-12,11.44,11.44,11.44,11.44,,-0.22%
2025-05-09,11.465,11.465,11.465,11.465,,0.13%
2025-05-08,11.45,11.45,11.45,11.45,,0.35%
2025-05-07,11.41,11.41,11.41,11.41,,0.84%
2025-05-06,11.315,11.315,11.315,11.315,,0.49%
2025-05-05,11.26,11.26,11.26,11.26,,0.00%
2025-05-02,11.26,11.26,11.26,11.26,,0.00%
2025-05-01,11.26,11.26,11.26,11.26,,0.40%
2025-04-30,11.215,11.215,11.215,11.215,,0.00%
2025-04-29,11.215,11.215,11.215,11.215,,-0.58%
2025-04-28,11.28,11.28,11.28,11.28,,0.09%
2025-04-25,11.27,11.27,11.27,11.27,,-2.04%
2025-04-24,11.505,11.505,11.505,11.505,,-1.33%
2025-04-23,11.66,11.66,11.66,11.66,,-0.93%
2025-04-22,11.77,11.77,11.77,11.77,,-2.61%
2025-04-21,12.085,12.085,12.085,12.085,,0.00%
2025-04-17,12.085,12.085,12.085,12.085,,1.90%
2025-04-16,11.86,11.86,11.86,11.86,,-4.83%
2025-04-15,12.462,12.462,12.462,12.462,,-0.46%
2025-04-14,12.52,12.52,12.52,12.52,,-0.20%
2025-04-11,12.545,12.545,12.545,12.545,,-0.48%
2025-04-10,12.605,12.605,12.605,12.605,,-0.63%
2025-04-09,12.685,12.685,12.685,12.685,,-0.67%
2025-04-08,12.77,12.77,12.77,12.77,,-0.04%
2025-04-07,12.775,12.775,12.775,12.775,,-1.08%
2025-04-04,12.915,12.915,12.915,12.915,,-1.26%
2025-04-03,13.08,13.08,13.08,13.08,,-0.80%
2025-04-02,13.185,13.185,13.185,13.185,,-0.30%
2025-04-01,13.225,13.225,13.225,13.225,,1.15%
2025-03-31,13.075,13.075,13.075,13.075,,-0.08%
2025-03-28,13.085,13.085,13.085,13.085,,-0.68%
2025-03-27,13.175,13.175,13.175,13.175,,-0.19%
2025-03-26,13.2,13.2,13.2,13.2,,0.38%
2025-03-25,13.15,13.15,13.15,13.15,,-1.76%
2025-03-24,13.385,13.385,13.385,13.385,,0.00%
2025-03-21,13.385,13.385,13.385,13.385,,-1.07%
2025-03-20,13.53,13.53,13.53,13.53,,-1.64%
2025-03-19,13.755,13.755,13.755,13.755,,4.96%
2025-03-18,13.105,13.105,13.105,13.105,,-0.57%
2025-03-17,13.18,13.18,13.18,13.18,,-3.40%
2025-03-14,13.644,13.644,13.644,13.644,,-0.15%
2025-03-13,13.665,13.665,13.665,13.665,,-0.15%
2025-03-12,13.685,13.685,13.685,13.685,,-0.04%
2025-03-11,13.69,13.69,13.69,13.69,,-0.51%
2025-03-10,13.76,13.76,13.76,13.76,,0.00%
2025-03-07,13.76,13.76,13.76,13.76,,0.51%
2025-03-06,13.69,13.69,13.69,13.69,,-0.29%
2025-03-05,13.73,13.73,13.73,13.73,,-0.72%
2025-03-04,13.83,13.83,13.83,13.83,,-0.97%
2025-03-03,13.965,13.965,13.965,13.965,,0.83%
2025-02-28,13.85,13.85,13.85,13.85,,-0.97%
2025-02-27,13.985,13.985,13.985,13.985,,3.67%
2025-02-26,13.49,13.49,13.49,13.49,,-2.63%
2025-02-25,13.855,13.855,13.855,13.855,,-3.35%
2025-02-24,14.335,14.335,14.335,14.335,,1.13%
2025-02-21,14.175,14.175,14.175,14.175,,-0.53%
2025-02-20,14.25,14.25,14.25,14.25,,0.96%
2025-02-19,14.115,14.115,14.115,14.115,,-2.99%
2025-02-18,14.55,14.55,14.55,14.55,,-2.68%
2025-02-14,14.95,14.95,14.95,14.95,,0.10%
2025-02-13,14.935,14.935,14.935,14.935,,0.10%
2025-02-12,14.92,14.92,14.92,14.92,,0.20%
2025-02-11,14.89,14.89,14.89,14.89,,0.68%
2025-02-10,14.79,14.79,14.79,14.79,,0.44%
2025-02-07,14.725,14.725,14.725,14.725,,1.45%
2025-02-06,14.515,14.515,14.515,14.515,,0.59%
2025-02-05,14.43,14.43,14.43,14.43,,-0.45%
2025-02-04,14.495,14.495,14.495,14.495,,0.62%
2025-02-03,14.405,14.405,14.405,14.405,,-0.24%
2025-01-31,14.44,14.44,14.44,14.44,,1.51%
2025-01-30,14.225,14.225,14.225,14.225,,-0.49%
2025-01-29,14.295,14.295,14.295,14.295,,2.22%
2025-01-28,13.985,13.985,13.985,13.985,,-0.25%
2025-01-27,14.02,14.02,14.02,14.02,,-0.64%
2025-01-24,14.11,14.11,14.11,14.11,,0.97%
2025-01-23,13.975,13.975,13.975,13.975,,-0.99%
2025-01-22,14.115,14.115,14.115,14.115,,-2.05%
2025-01-21,14.41,14.41,14.41,14.41,,4.57%
2025-01-17,13.78,13.78,13.78,13.78,,0.25%
2025-01-16,13.745,13.745,13.745,13.745,,-2.72%
2025-01-15,14.129,14.129,14.129,14.129,,-0.04%
2025-01-14,14.135,14.135,14.135,14.135,,-0.04%
2025-01-13,14.14,14.14,14.14,14.14,,-0.11%
2025-01-10,14.155,14.155,14.155,14.155,,-0.25%
2025-01-09,14.19,14.19,14.19,14.19,,-0.25%
2025-01-08,14.225,14.225,14.225,14.225,,-0.32%
2025-01-07,14.27,14.27,14.27,14.27,,-0.11%
2025-01-06,14.285,14.285,14.285,14.285,,-0.52%
2025-01-03,14.36,14.36,14.36,14.36,,-0.14%
2025-01-02,14.38,14.38,14.38,14.38,,0.98%
2024-12-31,14.24,14.24,14.24,14.24,,0.60%
2024-12-30,14.155,14.155,14.155,14.155,,-0.94%
2024-12-27,14.29,14.29,14.29,14.29,,2.33%
2024-12-26,13.965,13.965,13.965,13.965,,0.00%
2024-12-24,13.965,13.965,13.965,13.965,,-0.14%
2024-12-23,13.985,13.985,13.985,13.985,,2.34%
2024-12-20,13.665,13.665,13.665,13.665,,1.52%
2024-12-19,13.46,13.46,13.46,13.46,,3.50%
2024-12-18,13.005,13.005,13.005,13.005,,-2.36%
2024-12-17,13.32,13.32,13.32,13.32,,4.35%
2024-12-16,12.765,12.765,12.765,12.765,,-14.20%
2024-12-13,14.877,14.877,14.877,14.877,,-0.49%
2024-12-12,14.95,14.95,14.95,14.95,,-0.33%
2024-12-11,15.0,15.0,15.0,15.0,,-0.13%
2024-12-10,15.02,15.02,15.02,15.02,,-0.27%
2024-12-09,15.06,15.06,15.06,15.06,,-0.10%
2024-12-06,15.075,15.075,15.075,15.075,,0.07%
2024-12-05,15.065,15.065,15.065,15.065,,-0.07%
2024-12-04,15.075,15.075,15.075,15.075,,-0.33%
2024-12-03,15.125,15.125,15.125,15.125,,0.07%
2024-12-02,15.115,15.115,15.115,15.115,,1.27%
2024-11-29,14.925,14.925,14.925,14.925,,-0.63%
2024-11-27,15.02,15.02,15.02,15.02,,0.54%
2024-11-26,14.94,14.94,14.94,14.94,,-0.50%
2024-11-25,15.015,15.015,15.015,15.015,,1.56%
2024-11-22,14.785,14.785,14.785,14.785,,-1.92%
2024-11-21,15.075,15.075,15.075,15.075,,2.83%
2024-11-20,14.66,14.66,14.66,14.66,,1.81%
2024-11-19,14.4,14.4,14.4,14.4,,-1.71%
2024-11-18,14.65,14.65,14.65,14.65,,7.89%
2024-11-15,13.579,13.579,13.579,13.579,,0.10%
2024-11-14,13.565,13.565,13.565,13.565,,0.07%
2024-11-13,13.555,13.555,13.555,13.555,,-0.07%
2024-11-12,13.565,13.565,13.565,13.565,,0.11%
2024-11-11,13.55,13.55,13.55,13.55,,0.00%
2024-11-08,13.55,13.55,13.55,13.55,,0.41%
2024-11-07,13.495,13.495,13.495,13.495,,0.00%
2024-11-06,13.495,13.495,13.495,13.495,,-0.33%
2024-11-05,13.54,13.54,13.54,13.54,,0.48%
2024-11-04,13.475,13.475,13.475,13.475,,0.00%
2024-11-01,13.475,13.475,13.475,13.475,,-1.06%
2024-10-31,13.62,13.62,13.62,13.62,,0.74%
2024-10-30,13.52,13.52,13.52,13.52,,-1.21%
2024-10-29,13.685,13.685,13.685,13.685,,-0.51%
2024-10-28,13.755,13.755,13.755,13.755,,-0.29%
2024-10-25,13.795,13.795,13.795,13.795,,0.55%
2024-10-24,13.72,13.72,13.72,13.72,,0.92%
2024-10-23,13.595,13.595,13.595,13.595,,0.52%
2024-10-22,13.525,13.525,13.525,13.525,,1.39%
2024-10-21,13.34,13.34,13.34,13.34,,0.49%
2024-10-18,13.275,13.275,13.275,13.275,,-1.63%
2024-10-17,13.495,13.495,13.495,13.495,,0.22%
2024-10-16,13.465,13.465,13.465,13.465,,2.72%
2024-10-15,13.109,13.109,13.109,13.109,,0.03%
2024-10-14,13.105,13.105,13.105,13.105,,0.19%
2024-10-11,13.08,13.08,13.08,13.08,,0.04%
2024-10-10,13.075,13.075,13.075,13.075,,0.04%
2024-10-09,13.07,13.07,13.07,13.07,,-0.19%
2024-10-08,13.095,13.095,13.095,13.095,,-0.30%
2024-10-07,13.135,13.135,13.135,13.135,,0.34%
2024-10-04,13.09,13.09,13.09,13.09,,-0.04%
2024-10-03,13.095,13.095,13.095,13.095,,0.04%
2024-10-02,13.09,13.09,13.09,13.09,,-0.65%
2024-10-01,13.175,13.175,13.175,13.175,,0.38%
2024-09-30,13.125,13.125,13.125,13.125,,-0.61%
2024-09-27,13.205,13.205,13.205,13.205,,0.11%
2024-09-26,13.19,13.19,13.19,13.19,,0.73%
2024-09-25,13.095,13.095,13.095,13.095,,0.31%
2024-09-24,13.055,13.055,13.055,13.055,,-1.14%
2024-09-23,13.205,13.205,13.205,13.205,,1.81%
2024-09-20,12.97,12.97,12.97,12.97,,1.09%
2024-09-19,12.83,12.83,12.83,12.83,,-2.95%
2024-09-18,13.22,13.22,13.22,13.22,,-0.60%
2024-09-17,13.3,13.3,13.3,13.3,,1.29%
2024-09-16,13.13,13.13,13.13,13.13,,-3.98%
2024-09-13,13.674,13.674,13.674,13.674,,-0.08%
2024-09-12,13.685,13.685,13.685,13.685,,-0.36%
2024-09-11,13.735,13.735,13.735,13.735,,-0.36%
2024-09-10,13.785,13.785,13.785,13.785,,0.04%
2024-09-09,13.78,13.78,13.78,13.78,,-0.07%
2024-09-06,13.79,13.79,13.79,13.79,,-0.18%
2024-09-05,13.815,13.815,13.815,13.815,,0.22%
2024-09-04,13.785,13.785,13.785,13.785,,-0.29%
2024-09-03,13.825,13.825,13.825,13.825,,-1.88%
2024-08-30,14.09,14.09,14.09,14.09,,0.57%
2024-08-29,14.01,14.01,14.01,14.01,,-0.39%
2024-08-28,14.065,14.065,14.065,14.065,,0.07%
2024-08-27,14.055,14.055,14.055,14.055,,1.70%
2024-08-26,13.82,13.82,13.82,13.82,,0.00%
2024-08-23,13.82,13.82,13.82,13.82,,0.51%
2024-08-22,13.75,13.75,13.75,13.75,,-0.29%
2024-08-21,13.79,13.79,13.79,13.79,,-1.04%
2024-08-20,13.935,13.935,13.935,13.935,,-3.66%
2024-08-19,14.465,14.465,14.465,14.465,,-0.34%
2024-08-16,14.515,14.515,14.515,14.515,,13.59%
2024-08-15,12.778,12.778,12.778,12.778,,0.46%
2024-08-14,12.72,12.72,12.72,12.72,,0.51%
2024-08-13,12.655,12.655,12.655,12.655,,0.24%
2024-08-12,12.625,12.625,12.625,12.625,,0.60%
2024-08-09,12.55,12.55,12.55,12.55,,-0.12%
2024-08-08,12.565,12.565,12.565,12.565,,0.24%
2024-08-07,12.535,12.535,12.535,12.535,,0.20%
2024-08-06,12.51,12.51,12.51,12.51,,0.52%
2024-08-05,12.445,12.445,12.445,12.445,,-0.60%
2024-08-02,12.52,12.52,12.52,12.52,,0.24%
2024-08-01,12.49,12.49,12.49,12.49,,-0.28%
2024-07-31,12.525,12.525,12.525,12.525,,0.40%
2024-07-30,12.475,12.475,12.475,12.475,,0.24%
2024-07-29,12.445,12.445,12.445,12.445,,1.97%
2024-07-26,12.205,12.205,12.205,12.205,,1.08%
2024-07-25,12.075,12.075,12.075,12.075,,-1.31%
2024-07-24,12.235,12.235,12.235,12.235,,1.87%
2024-07-23,12.01,12.01,12.01,12.01,,-0.70%
2024-07-22,12.095,12.095,12.095,12.095,,-0.17%
2024-07-19,12.115,12.115,12.115,12.115,,-0.70%
2024-07-18,12.2,12.2,12.2,12.2,,0.91%
2024-07-17,12.09,12.09,12.09,12.09,,-1.71%
2024-07-16,12.3,12.3,12.3,12.3,,-0.17%
2024-07-15,12.321,12.321,12.321,12.321,,-0.07%
2024-07-12,12.33,12.33,12.33,12.33,,-0.28%
2024-07-11,12.365,12.365,12.365,12.365,,0.12%
2024-07-10,12.35,12.35,12.35,12.35,,-0.12%
2024-07-09,12.365,12.365,12.365,12.365,,-0.20%
2024-07-08,12.39,12.39,12.39,12.39,,-0.76%
2024-07-05,12.485,12.485,12.485,12.485,,0.52%
2024-07-03,12.42,12.42,12.42,12.42,,-1.11%
2024-07-02,12.56,12.56,12.56,12.56,,0.20%
2024-07-01,12.535,12.535,12.535,12.535,,-0.79%
2024-06-28,12.635,12.635,12.635,12.635,,-0.20%
2024-06-27,12.66,12.66,12.66,12.66,,0.32%
2024-06-26,12.62,12.62,12.62,12.62,,-0.90%
2024-06-25,12.735,12.735,12.735,12.735,,0.99%
2024-06-24,12.61,12.61,12.61,12.61,,1.16%
2024-06-21,12.465,12.465,12.465,12.465,,-1.07%
2024-06-20,12.6,12.6,12.6,12.6,,0.00%
2024-06-18,12.6,12.6,12.6,12.6,,0.20%
2024-06-17,12.575,12.575,12.575,12.575,,3.60%
2024-06-14,12.138,12.138,12.138,12.138,,0.36%
2024-06-13,12.095,12.095,12.095,12.095,,0.54%
2024-06-12,12.03,12.03,12.03,12.03,,0.25%
2024-06-11,12.0,12.0,12.0,12.0,,0.29%
2024-06-10,11.965,11.965,11.965,11.965,,-0.04%
2024-06-07,11.97,11.97,11.97,11.97,,-0.13%
2024-06-06,11.985,11.985,11.985,11.985,,0.13%
2024-06-05,11.97,11.97,11.97,11.97,,-0.17%
2024-06-04,11.99,11.99,11.99,11.99,,-0.50%
2024-06-03,12.05,12.05,12.05,12.05,,1.22%
2024-05-31,11.905,11.905,11.905,11.905,,-0.46%
2024-05-30,11.96,11.96,11.96,11.96,,1.10%
2024-05-29,11.83,11.83,11.83,11.83,,-1.05%
2024-05-28,11.955,11.955,11.955,11.955,,0.13%
2024-05-24,11.94,11.94,11.94,11.94,,-2.57%
2024-05-23,12.255,12.255,12.255,12.255,,2.34%
2024-05-22,11.975,11.975,11.975,11.975,,1.27%
2024-05-21,11.825,11.825,11.825,11.825,,2.78%
2024-05-20,11.505,11.505,11.505,11.505,,3.09%
2024-05-17,11.16,11.16,11.16,11.16,,1.04%
2024-05-16,11.045,11.045,11.045,11.045,,5.50%
2024-05-15,10.469,10.469,10.469,10.469,,0.18%
2024-05-14,10.45,10.45,10.45,10.45,,0.00%
2024-05-13,10.45,10.45,10.45,10.45,,-0.24%
2024-05-10,10.475,10.475,10.475,10.475,,0.14%
2024-05-09,10.46,10.46,10.46,10.46,,0.00%
2024-05-08,10.46,10.46,10.46,10.46,,-0.38%
2024-05-07,10.5,10.5,10.5,10.5,,0.29%
2024-05-06,10.47,10.47,10.47,10.47,,0.00%
2024-05-03,10.47,10.47,10.47,10.47,,0.58%
2024-05-02,10.41,10.41,10.41,10.41,,1.71%
2024-05-01,10.235,10.235,10.235,10.235,,-0.97%
2024-04-30,10.335,10.335,10.335,10.335,,1.22%
2024-04-29,10.21,10.21,10.21,10.21,,-1.11%
2024-04-26,10.325,10.325,10.325,10.325,,-1.01%
2024-04-25,10.43,10.43,10.43,10.43,,-0.05%
2024-04-24,10.435,10.435,10.435,10.435,,2.05%
2024-04-23,10.225,10.225,10.225,10.225,,-2.90%
2024-04-22,10.53,10.53,10.53,10.53,,0.29%
2024-04-19,10.5,10.5,10.5,10.5,,-3.49%
2024-04-18,10.88,10.88,10.88,10.88,,1.26%
2024-04-17,10.745,10.745,10.745,10.745,,-4.57%
2024-04-16,11.26,11.26,11.26,11.26,,16.24%
2024-04-15,9.687,9.687,9.687,9.687,,0.44%
2024-04-12,9.645,9.645,9.645,9.645,,0.36%
2024-04-11,9.61,9.61,9.61,9.61,,0.26%
2024-04-10,9.585,9.585,9.585,9.585,,0.00%
2024-04-09,9.585,9.585,9.585,9.585,,0.10%
2024-04-08,9.575,9.575,9.575,9.575,,0.31%
2024-04-05,9.545,9.545,9.545,9.545,,0.00%
2024-04-04,9.545,9.545,9.545,9.545,,0.47%
2024-04-03,9.5,9.5,9.5,9.5,,0.37%
2024-04-02,9.465,9.465,9.465,9.465,,-0.73%
2024-04-01,9.535,9.535,9.535,9.535,,0.00%
2024-03-28,9.535,9.535,9.535,9.535,,1.44%
2024-03-27,9.4,9.4,9.4,9.4,,-1.83%
2024-03-26,9.575,9.575,9.575,9.575,,-1.44%
2024-03-25,9.715,9.715,9.715,9.715,,2.86%
2024-03-22,9.445,9.445,9.445,9.445,,1.72%
2024-03-21,9.285,9.285,9.285,9.285,,-2.98%
2024-03-20,9.57,9.57,9.57,9.57,,-3.33%
2024-03-19,9.9,9.9,9.9,9.9,,0.20%
2024-03-18,9.88,9.88,9.88,9.88,,15.95%
2024-03-15,8.521,8.521,8.521,8.521,,0.37%
2024-03-14,8.49,8.49,8.49,8.49,,0.18%
2024-03-13,8.475,8.475,8.475,8.475,,0.12%
2024-03-12,8.465,8.465,8.465,8.465,,0.00%
2024-03-11,8.465,8.465,8.465,8.465,,0.06%
2024-03-08,8.46,8.46,8.46,8.46,,0.71%
2024-03-07,8.4,8.4,8.4,8.4,,-0.18%
2024-03-06,8.415,8.415,8.415,8.415,,0.42%
2024-03-05,8.38,8.38,8.38,8.38,,0.48%
2024-03-04,8.34,8.34,8.34,8.34,,0.48%
2024-03-01,8.3,8.3,8.3,8.3,,-0.84%
2024-02-29,8.37,8.37,8.37,8.37,,-1.47%
2024-02-28,8.495,8.495,8.495,8.495,,3.35%
2024-02-27,8.22,8.22,8.22,8.22,,-0.96%
2024-02-26,8.3,8.3,8.3,8.3,,2.15%
2024-02-23,8.125,8.125,8.125,8.125,,-0.37%
2024-02-22,8.155,8.155,8.155,8.155,,-1.69%
2024-02-21,8.295,8.295,8.295,8.295,,-0.90%
2024-02-20,8.37,8.37,8.37,8.37,,-2.33%
2024-02-16,8.57,8.57,8.57,8.57,,-8.31%
2024-02-15,9.347,9.347,9.347,9.347,,-0.19%
2024-02-14,9.365,9.365,9.365,9.365,,-0.43%
2024-02-13,9.405,9.405,9.405,9.405,,-0.32%
2024-02-12,9.435,9.435,9.435,9.435,,0.00%
2024-02-09,9.435,9.435,9.435,9.435,,-0.16%
2024-02-08,9.45,9.45,9.45,9.45,,0.00%
2024-02-07,9.45,9.45,9.45,9.45,,-0.21%
2024-02-06,9.47,9.47,9.47,9.47,,0.16%
2024-02-05,9.455,9.455,9.455,9.455,,-0.05%
2024-02-02,9.46,9.46,9.46,9.46,,0.00%
2024-02-01,9.46,9.46,9.46,9.46,,-0.73%
2024-01-31,9.53,9.53,9.53,9.53,,0.53%
2024-01-30,9.48,9.48,9.48,9.48,,0.96%
2024-01-29,9.39,9.39,9.39,9.39,,1.08%
2024-01-26,9.29,9.29,9.29,9.29,,-1.06%
2024-01-25,9.39,9.39,9.39,9.39,,-1.93%
2024-01-24,9.575,9.575,9.575,9.575,,2.57%
2024-01-23,9.335,9.335,9.335,9.335,,-0.74%
2024-01-22,9.405,9.405,9.405,9.405,,-1.88%
2024-01-19,9.585,9.585,9.585,9.585,,0.31%
2024-01-18,9.555,9.555,9.555,9.555,,0.05%
2024-01-17,9.55,9.55,9.55,9.55,,-4.74%
2024-01-16,10.025,10.025,10.025,10.025,,-10.49%
2024-01-12,11.2,11.2,11.2,11.2,,-0.40%
2024-01-11,11.245,11.245,11.245,11.245,,-0.35%
2024-01-10,11.285,11.285,11.285,11.285,,-0.13%
2024-01-09,11.3,11.3,11.3,11.3,,-1.57%
2024-01-08,11.48,11.48,11.48,11.48,,-0.73%
2024-01-05,11.565,11.565,11.565,11.565,,0.09%
2024-01-04,11.555,11.555,11.555,11.555,,0.48%
2024-01-03,11.5,11.5,11.5,11.5,,0.04%
2024-01-02,11.495,11.495,11.495,11.495,,-0.22%
2023-12-29,11.52,11.52,11.52,11.52,,-1.75%
2023-12-28,11.725,11.725,11.725,11.725,,-1.22%
2023-12-27,11.87,11.87,11.87,11.87,,-0.63%
2023-12-26,11.945,11.945,11.945,11.945,,0.00%
2023-12-22,11.945,11.945,11.945,11.945,,0.08%
2023-12-21,11.935,11.935,11.935,11.935,,1.06%
2023-12-20,11.81,11.81,11.81,11.81,,0.30%
2023-12-19,11.775,11.775,11.775,11.775,,-5.00%
2023-12-18,12.395,12.395,12.395,12.395,,-18.44%
2023-12-15,15.197,15.197,15.197,15.197,,-0.84%
2023-12-14,15.325,15.325,15.325,15.325,,-0.84%
2023-12-13,15.455,15.455,15.455,15.455,,-1.02%
2023-12-12,15.615,15.615,15.615,15.615,,-0.83%
2023-12-11,15.745,15.745,15.745,15.745,,-1.44%
2023-12-08,15.975,15.975,15.975,15.975,,-0.47%
2023-12-07,16.05,16.05,16.05,16.05,,0.28%
2023-12-06,16.005,16.005,16.005,16.005,,-0.34%
2023-12-05,16.06,16.06,16.06,16.06,,0.06%
2023-12-04,16.05,16.05,16.05,16.05,,-1.23%
2023-12-01,16.25,16.25,16.25,16.25,,0.71%
2023-11-30,16.135,16.135,16.135,16.135,,-0.68%
2023-11-29,16.245,16.245,16.245,16.245,,-1.07%
2023-11-28,16.42,16.42,16.42,16.42,,-0.51%
2023-11-27,16.505,16.505,16.505,16.505,,-3.45%
2023-11-24,17.095,17.095,17.095,17.095,,3.67%
2023-11-22,16.49,16.49,16.49,16.49,,0.15%
2023-11-21,16.465,16.465,16.465,16.465,,-3.85%
2023-11-20,17.125,17.125,17.125,17.125,,0.88%
2023-11-17,16.975,16.975,16.975,16.975,,-0.73%
2023-11-16,17.1,17.1,17.1,17.1,,-0.01%
2023-11-15,17.102,17.102,17.102,17.102,,-0.13%
2023-11-14,17.125,17.125,17.125,17.125,,-0.44%
2023-11-13,17.2,17.2,17.2,17.2,,0.09%
2023-11-10,17.185,17.185,17.185,17.185,,-0.41%
2023-11-09,17.255,17.255,17.255,17.255,,-0.20%
2023-11-08,17.29,17.29,17.29,17.29,,-0.37%
2023-11-07,17.355,17.355,17.355,17.355,,-0.52%
2023-11-06,17.445,17.445,17.445,17.445,,-0.71%
2023-11-03,17.57,17.57,17.57,17.57,,-0.43%
2023-11-02,17.645,17.645,17.645,17.645,,-0.06%
2023-11-01,17.655,17.655,17.655,17.655,,-0.37%
2023-10-31,17.72,17.72,17.72,17.72,,-1.06%
2023-10-30,17.91,17.91,17.91,17.91,,0.08%
2023-10-27,17.895,17.895,17.895,17.895,,-0.08%
2023-10-26,17.91,17.91,17.91,17.91,,-0.25%
2023-10-25,17.955,17.955,17.955,17.955,,0.64%
2023-10-24,17.84,17.84,17.84,17.84,,-4.01%
2023-10-23,18.585,18.585,18.585,18.585,,1.01%
2023-10-20,18.4,18.4,18.4,18.4,,0.85%
2023-10-19,18.245,18.245,18.245,18.245,,-0.25%
2023-10-18,18.29,18.29,18.29,18.29,,3.66%
2023-10-17,17.645,17.645,17.645,17.645,,-0.42%
2023-10-16,17.72,17.72,17.72,17.72,,22.42%
2023-10-13,14.475,14.475,14.475,14.475,,0.80%
2023-10-12,14.36,14.36,14.36,14.36,,0.38%
2023-10-11,14.305,14.305,14.305,14.305,,0.42%
2023-10-10,14.245,14.245,14.245,14.245,,0.64%
2023-10-09,14.155,14.155,14.155,14.155,,0.57%
2023-10-06,14.075,14.075,14.075,14.075,,-0.21%
2023-10-05,14.105,14.105,14.105,14.105,,-0.32%
2023-10-04,14.15,14.15,14.15,14.15,,-0.67%
2023-10-03,14.245,14.245,14.245,14.245,,-1.04%
2023-10-02,14.395,14.395,14.395,14.395,,-1.61%
2023-09-29,14.63,14.63,14.63,14.63,,-0.88%
2023-09-28,14.76,14.76,14.76,14.76,,1.13%
2023-09-27,14.595,14.595,14.595,14.595,,-0.38%
2023-09-26,14.65,14.65,14.65,14.65,,-2.27%
2023-09-25,14.99,14.99,14.99,14.99,,2.71%
2023-09-22,14.595,14.595,14.595,14.595,,1.85%
2023-09-21,14.33,14.33,14.33,14.33,,0.63%
2023-09-20,14.24,14.24,14.24,14.24,,-0.07%
2023-09-19,14.25,14.25,14.25,14.25,,1.86%
2023-09-18,13.99,13.99,13.99,13.99,,4.96%
2023-09-15,13.329,13.329,13.329,13.329,,-0.27%
2023-09-14,13.365,13.365,13.365,13.365,,-0.19%
2023-09-13,13.39,13.39,13.39,13.39,,0.00%
2023-09-12,13.39,13.39,13.39,13.39,,0.04%
2023-09-11,13.385,13.385,13.385,13.385,,0.41%
2023-09-08,13.33,13.33,13.33,13.33,,0.08%
2023-09-07,13.32,13.32,13.32,13.32,,0.83%
2023-09-06,13.21,13.21,13.21,13.21,,-0.23%
2023-09-05,13.24,13.24,13.24,13.24,,-1.16%
2023-09-01,13.395,13.395,13.395,13.395,,1.48%
2023-08-31,13.2,13.2,13.2,13.2,,-1.53%
2023-08-30,13.405,13.405,13.405,13.405,,0.07%
2023-08-29,13.395,13.395,13.395,13.395,,-0.48%
2023-08-28,13.46,13.46,13.46,13.46,,0.00%
2023-08-25,13.46,13.46,13.46,13.46,,4.18%
2023-08-24,12.92,12.92,12.92,12.92,,-5.93%
2023-08-23,13.735,13.735,13.735,13.735,,-3.95%
2023-08-22,14.3,14.3,14.3,14.3,,0.00%
2023-08-21,14.3,14.3,14.3,14.3,,2.51%
2023-08-18,13.95,13.95,13.95,13.95,,-1.48%
2023-08-17,14.16,14.16,14.16,14.16,,-1.12%
2023-08-16,14.32,14.32,14.32,14.32,,27.80%
2023-08-15,11.205,11.205,11.205,11.205,,0.54%
2023-08-14,11.145,11.145,11.145,11.145,,0.54%
2023-08-11,11.085,11.085,11.085,11.085,,0.36%
2023-08-10,11.045,11.045,11.045,11.045,,0.14%
2023-08-09,11.03,11.03,11.03,11.03,,0.68%
2023-08-08,10.955,10.955,10.955,10.955,,-0.23%
2023-08-07,10.98,10.98,10.98,10.98,,0.23%
2023-08-04,10.955,10.955,10.955,10.955,,-0.41%
2023-08-03,11.0,11.0,11.0,11.0,,0.27%
2023-08-02,10.97,10.97,10.97,10.97,,0.41%
2023-08-01,10.925,10.925,10.925,10.925,,0.05%
2023-07-31,10.92,10.92,10.92,10.92,,1.30%
2023-07-28,10.78,10.78,10.78,10.78,,-1.73%
2023-07-27,10.97,10.97,10.97,10.97,,-1.17%
2023-07-26,11.1,11.1,11.1,11.1,,-3.14%
2023-07-25,11.46,11.46,11.46,11.46,,1.78%
2023-07-24,11.26,11.26,11.26,11.26,,3.45%
2023-07-21,10.885,10.885,10.885,10.885,,-0.32%
2023-07-20,10.92,10.92,10.92,10.92,,1.63%
2023-07-19,10.745,10.745,10.745,10.745,,-2.50%
2023-07-18,11.02,11.02,11.02,11.02,,4.36%
2023-07-17,10.56,10.56,10.56,10.56,,-11.03%
2023-07-14,11.869,11.869,11.869,11.869,,-0.34%
2023-07-13,11.91,11.91,11.91,11.91,,-0.54%
2023-07-12,11.975,11.975,11.975,11.975,,-0.37%
2023-07-11,12.02,12.02,12.02,12.02,,-0.33%
2023-07-10,12.06,12.06,12.06,12.06,,-0.21%
2023-07-07,12.085,12.085,12.085,12.085,,0.08%
2023-07-06,12.075,12.075,12.075,12.075,,-0.21%
2023-07-05,12.1,12.1,12.1,12.1,,0.17%
2023-07-03,12.08,12.08,12.08,12.08,,-1.31%
2023-06-30,12.24,12.24,12.24,12.24,,0.99%
2023-06-29,12.12,12.12,12.12,12.12,,0.83%
2023-06-28,12.02,12.02,12.02,12.02,,-0.41%
2023-06-27,12.07,12.07,12.07,12.07,,2.37%
2023-06-26,11.79,11.79,11.79,11.79,,-0.38%
2023-06-23,11.835,11.835,11.835,11.835,,-1.91%
2023-06-22,12.065,12.065,12.065,12.065,,-3.29%
2023-06-21,12.475,12.475,12.475,12.475,,-2.08%
2023-06-20,12.74,12.74,12.74,12.74,,13.75%
2023-06-16,11.2,11.2,11.2,11.2,,16.86%
2023-06-15,9.584,9.584,9.584,9.584,,1.96%
2023-06-14,9.4,9.4,9.4,9.4,,1.08%
2023-06-13,9.3,9.3,9.3,9.3,,0.38%
2023-06-12,9.265,9.265,9.265,9.265,,0.16%
2023-06-09,9.25,9.25,9.25,9.25,,0.43%
2023-06-08,9.21,9.21,9.21,9.21,,-0.27%
2023-06-07,9.235,9.235,9.235,9.235,,0.27%
2023-06-06,9.21,9.21,9.21,9.21,,-0.59%
2023-06-05,9.265,9.265,9.265,9.265,,-0.22%
2023-06-02,9.285,9.285,9.285,9.285,,0.22%
2023-06-01,9.265,9.265,9.265,9.265,,-0.22%
2023-05-31,9.285,9.285,9.285,9.285,,-0.85%
2023-05-30,9.365,9.365,9.365,9.365,,1.41%
2023-05-26,9.235,9.235,9.235,9.235,,-1.23%
2023-05-25,9.35,9.35,9.35,9.35,,-2.40%
2023-05-24,9.58,9.58,9.58,9.58,,-1.59%
2023-05-23,9.735,9.735,9.735,9.735,,-0.21%
2023-05-22,9.755,9.755,9.755,9.755,,-0.86%
2023-05-19,9.84,9.84,9.84,9.84,,1.29%
2023-05-18,9.715,9.715,9.715,9.715,,-2.31%
2023-05-17,9.945,9.945,9.945,9.945,,0.91%
2023-05-16,9.855,9.855,9.855,9.855,,-10.81%
2023-05-15,11.049,11.049,11.049,11.049,,-0.59%
2023-05-12,11.115,11.115,11.115,11.115,,-0.40%
2023-05-11,11.16,11.16,11.16,11.16,,-0.45%
2023-05-10,11.21,11.21,11.21,11.21,,-0.27%
2023-05-09,11.24,11.24,11.24,11.24,,-0.66%
2023-05-08,11.315,11.315,11.315,11.315,,0.00%
2023-05-05,11.315,11.315,11.315,11.315,,0.04%
2023-05-04,11.31,11.31,11.31,11.31,,-1.65%
2023-05-03,11.5,11.5,11.5,11.5,,0.04%
2023-05-02,11.495,11.495,11.495,11.495,,-0.48%
2023-05-01,11.55,11.55,11.55,11.55,,0.00%
2023-04-28,11.55,11.55,11.55,11.55,,-0.39%
2023-04-27,11.595,11.595,11.595,11.595,,-0.39%
2023-04-26,11.64,11.64,11.64,11.64,,-1.73%
2023-04-25,11.845,11.845,11.845,11.845,,-0.25%
2023-04-24,11.875,11.875,11.875,11.875,,-0.04%
2023-04-21,11.88,11.88,11.88,11.88,,-2.90%
2023-04-20,12.235,12.235,12.235,12.235,,-0.08%
2023-04-19,12.245,12.245,12.245,12.245,,-4.71%
2023-04-18,12.85,12.85,12.85,12.85,,2.88%
2023-04-17,12.49,12.49,12.49,12.49,,-0.82%
2023-04-14,12.593,12.593,12.593,12.593,,-0.10%
2023-04-13,12.605,12.605,12.605,12.605,,-0.16%
2023-04-12,12.625,12.625,12.625,12.625,,0.44%
2023-04-11,12.57,12.57,12.57,12.57,,-0.44%
2023-04-10,12.625,12.625,12.625,12.625,,0.00%
2023-04-06,12.625,12.625,12.625,12.625,,-0.43%
2023-04-05,12.68,12.68,12.68,12.68,,-3.65%
2023-04-04,13.16,13.16,13.16,13.16,,3.22%
2023-04-03,12.75,12.75,12.75,12.75,,-5.66%
2023-03-31,13.515,13.515,13.515,13.515,,6.42%
2023-03-30,12.7,12.7,12.7,12.7,,1.32%
2023-03-29,12.535,12.535,12.535,12.535,,0.24%
2023-03-28,12.505,12.505,12.505,12.505,,-0.16%
2023-03-27,12.525,12.525,12.525,12.525,,-1.38%
2023-03-24,12.7,12.7,12.7,12.7,,-4.76%
2023-03-23,13.335,13.335,13.335,13.335,,5.50%
2023-03-22,12.64,12.64,12.64,12.64,,-7.37%
2023-03-21,13.645,13.645,13.645,13.645,,3.72%
2023-03-20,13.155,13.155,13.155,13.155,,-0.19%
2023-03-17,13.18,13.18,13.18,13.18,,-2.77%
2023-03-16,13.555,13.555,13.555,13.555,,-4.33%
2023-03-15,14.168,14.168,14.168,14.168,,-0.23%
2023-03-14,14.2,14.2,14.2,14.2,,-0.32%
2023-03-13,14.245,14.245,14.245,14.245,,0.64%
2023-03-10,14.155,14.155,14.155,14.155,,-1.08%
2023-03-09,14.31,14.31,14.31,14.31,,2.99%
2023-03-08,13.895,13.895,13.895,13.895,,-0.32%
2023-03-07,13.94,13.94,13.94,13.94,,-2.42%
2023-03-06,14.285,14.285,14.285,14.285,,-0.28%
2023-03-03,14.325,14.325,14.325,14.325,,-1.78%
2023-03-02,14.585,14.585,14.585,14.585,,0.03%
2023-03-01,14.58,14.58,14.58,14.58,,1.53%
2023-02-28,14.36,14.36,14.36,14.36,,-4.07%
2023-02-27,14.97,14.97,14.97,14.97,,-0.13%
2023-02-24,14.99,14.99,14.99,14.99,,0.60%
2023-02-23,14.9,14.9,14.9,14.9,,0.40%
2023-02-22,14.84,14.84,14.84,14.84,,3.78%
2023-02-21,14.3,14.3,14.3,14.3,,-10.18%
2023-02-17,15.92,15.92,15.92,15.92,,-2.30%
2023-02-16,16.295,16.295,16.295,16.295,,-8.87%
2023-02-15,17.882,17.882,17.882,17.882,,-0.04%
2023-02-14,17.89,17.89,17.89,17.89,,-0.03%
2023-02-13,17.895,17.895,17.895,17.895,,-0.50%
2023-02-10,17.985,17.985,17.985,17.985,,0.39%
2023-02-09,17.915,17.915,17.915,17.915,,-0.08%
2023-02-08,17.93,17.93,17.93,17.93,,-1.40%
2023-02-07,18.185,18.185,18.185,18.185,,-1.68%
2023-02-06,18.495,18.495,18.495,18.495,,-0.16%
2023-02-03,18.525,18.525,18.525,18.525,,0.84%
2023-02-02,18.37,18.37,18.37,18.37,,-3.16%
2023-02-01,18.97,18.97,18.97,18.97,,-0.29%
2023-01-31,19.025,19.025,19.025,19.025,,-2.36%
2023-01-30,19.485,19.485,19.485,19.485,,-0.08%
2023-01-27,19.5,19.5,19.5,19.5,,-3.30%
2023-01-26,20.165,20.165,20.165,20.165,,-3.70%
2023-01-25,20.94,20.94,20.94,20.94,,-5.31%
2023-01-24,22.115,22.115,22.115,22.115,,-4.90%
2023-01-23,23.255,23.255,23.255,23.255,,1.93%
2023-01-20,22.815,22.815,22.815,22.815,,-0.59%
2023-01-19,22.95,22.95,22.95,22.95,,-0.61%
2023-01-18,23.09,23.09,23.09,23.09,,1.61%
2023-01-17,22.725,22.725,22.725,22.725,,-15.23%
2023-01-13,26.807,26.807,26.807,26.807,,0.18%
2023-01-12,26.76,26.76,26.76,26.76,,-0.41%
2023-01-11,26.87,26.87,26.87,26.87,,-0.70%
2023-01-10,27.06,27.06,27.06,27.06,,-0.20%
2023-01-09,27.115,27.115,27.115,27.115,,-4.69%
2023-01-06,28.45,28.45,28.45,28.45,,-1.39%
2023-01-05,28.85,28.85,28.85,28.85,,-2.20%
2023-01-04,29.5,29.5,29.5,29.5,,0.53%
2023-01-03,29.345,29.345,29.345,29.345,,-0.58%
2022-12-30,29.515,29.515,29.515,29.515,,2.38%
2022-12-29,28.83,28.83,28.83,28.83,,1.12%
2022-12-28,28.51,28.51,28.51,28.51,,1.15%
2022-12-27,28.185,28.185,28.185,28.185,,0.23%
2022-12-23,28.12,28.12,28.12,28.12,,-11.11%
2022-12-22,31.635,31.635,31.635,31.635,,-0.14%
2022-12-21,31.68,31.68,31.68,31.68,,-9.27%
2022-12-20,34.915,34.915,34.915,34.915,,-4.32%
2022-12-19,36.49,36.49,36.49,36.49,,2.57%
2022-12-16,35.575,35.575,35.575,35.575,,6.38%
2022-12-15,33.443,33.443,33.443,33.443,,0.17%
2022-12-14,33.385,33.385,33.385,33.385,,0.12%
2022-12-13,33.345,33.345,33.345,33.345,,1.28%
2022-12-12,32.925,32.925,32.925,32.925,,-1.32%
2022-12-09,33.365,33.365,33.365,33.365,,-2.71%
2022-12-08,34.295,34.295,34.295,34.295,,2.83%
2022-12-07,33.35,33.35,33.35,33.35,,1.54%
2022-12-06,32.845,32.845,32.845,32.845,,-1.02%
2022-12-05,33.185,33.185,33.185,33.185,,4.49%
2022-12-02,31.76,31.76,31.76,31.76,,-5.98%
2022-12-01,33.78,33.78,33.78,33.78,,1.41%
2022-11-30,33.31,33.31,33.31,33.31,,9.20%
2022-11-29,30.505,30.505,30.505,30.505,,0.74%
2022-11-28,30.28,30.28,30.28,30.28,,1.07%
2022-11-25,29.96,29.96,29.96,29.96,,-3.71%
2022-11-23,31.115,31.115,31.115,31.115,,6.50%
2022-11-22,29.215,29.215,29.215,29.215,,7.01%
2022-11-21,27.3,27.3,27.3,27.3,,3.47%
2022-11-18,26.385,26.385,26.385,26.385,,0.27%
2022-11-17,26.315,26.315,26.315,26.315,,1.66%
2022-11-16,25.885,25.885,25.885,25.885,,-5.52%
2022-11-15,27.397,27.397,27.397,27.397,,0.61%
2022-11-14,27.23,27.23,27.23,27.23,,0.02%
2022-11-11,27.225,27.225,27.225,27.225,,-1.16%
2022-11-10,27.545,27.545,27.545,27.545,,-0.67%
2022-11-09,27.73,27.73,27.73,27.73,,-0.54%
2022-11-08,27.88,27.88,27.88,27.88,,2.52%
2022-11-07,27.195,27.195,27.195,27.195,,-5.98%
2022-11-04,28.925,28.925,28.925,28.925,,3.99%
2022-11-03,27.815,27.815,27.815,27.815,,-4.43%
2022-11-02,29.105,29.105,29.105,29.105,,5.68%
2022-11-01,27.54,27.54,27.54,27.54,,0.02%
2022-10-31,27.535,27.535,27.535,27.535,,-8.70%
2022-10-28,30.16,30.16,30.16,30.16,,-1.08%
2022-10-27,30.49,30.49,30.49,30.49,,0.13%
2022-10-26,30.45,30.45,30.45,30.45,,-1.84%
2022-10-25,31.02,31.02,31.02,31.02,,-0.86%
2022-10-24,31.29,31.29,31.29,31.29,,-3.63%
2022-10-21,32.47,32.47,32.47,32.47,,0.37%
2022-10-20,32.35,32.35,32.35,32.35,,6.71%
2022-10-19,30.315,30.315,30.315,30.315,,2.11%
2022-10-18,29.69,29.69,29.69,29.69,,-3.98%
2022-10-17,30.92,30.92,30.92,30.92,,-11.10%
2022-10-14,34.779,34.779,34.779,34.779,,-0.16%
2022-10-13,34.835,34.835,34.835,34.835,,0.37%
2022-10-12,34.705,34.705,34.705,34.705,,-0.23%
2022-10-11,34.785,34.785,34.785,34.785,,1.53%
2022-10-10,34.26,34.26,34.26,34.26,,-0.58%
2022-10-07,34.46,34.46,34.46,34.46,,-3.89%
2022-10-06,35.855,35.855,35.855,35.855,,2.30%
2022-10-05,35.05,35.05,35.05,35.05,,-8.23%
2022-10-04,38.195,38.195,38.195,38.195,,-1.74%
2022-10-03,38.87,38.87,38.87,38.87,,0.37%
2022-09-30,38.725,38.725,38.725,38.725,,-0.97%
2022-09-29,39.105,39.105,39.105,39.105,,-5.10%
2022-09-28,41.205,41.205,41.205,41.205,,-2.98%
2022-09-27,42.47,42.47,42.47,42.47,,12.68%
2022-09-26,37.69,37.69,37.69,37.69,,0.32%
2022-09-23,37.57,37.57,37.57,37.57,,-5.86%
2022-09-22,39.91,39.91,39.91,39.91,,2.56%
2022-09-21,38.915,38.915,38.915,38.915,,-10.10%
2022-09-20,43.285,43.285,43.285,43.285,,3.13%
2022-09-19,41.97,41.97,41.97,41.97,,-0.45%
2022-09-16,42.16,42.16,42.16,42.16,,-21.21%
2022-09-15,53.508,53.508,53.508,53.508,,0.82%
2022-09-14,53.075,53.075,53.075,53.075,,0.08%
2022-09-13,53.035,53.035,53.035,53.035,,-0.17%
2022-09-12,53.125,53.125,53.125,53.125,,-1.44%
2022-09-09,53.9,53.9,53.9,53.9,,2.02%
2022-09-08,52.835,52.835,52.835,52.835,,-4.28%
2022-09-07,55.2,55.2,55.2,55.2,,0.93%
2022-09-06,54.69,54.69,54.69,54.69,,-1.00%
2022-09-02,55.245,55.245,55.245,55.245,,-6.61%
2022-09-01,59.155,59.155,59.155,59.155,,9.65%
2022-08-31,53.95,53.95,53.95,53.95,,-8.16%
2022-08-30,58.745,58.745,58.745,58.745,,-14.45%
2022-08-29,68.665,68.665,68.665,68.665,,-0.20%
2022-08-26,68.8,68.8,68.8,68.8,,-1.65%
2022-08-25,69.955,69.955,69.955,69.955,,5.58%
2022-08-24,66.255,66.255,66.255,66.255,,17.62%
2022-08-23,56.33,56.33,56.33,56.33,,-2.58%
2022-08-22,57.82,57.82,57.82,57.82,,1.40%
2022-08-19,57.02,57.02,57.02,57.02,,-1.01%
2022-08-18,57.6,57.6,57.6,57.6,,1.37%
2022-08-17,56.82,56.82,56.82,56.82,,0.19%
2022-08-16,56.715,56.715,56.715,56.715,,24.80%
2022-08-15,45.443,45.443,45.443,45.443,,0.12%
2022-08-12,45.39,45.39,45.39,45.39,,0.12%
2022-08-11,45.335,45.335,45.335,45.335,,1.40%
2022-08-10,44.71,44.71,44.71,44.71,,0.20%
2022-08-09,44.62,44.62,44.62,44.62,,0.34%
2022-08-08,44.47,44.47,44.47,44.47,,-0.43%
2022-08-05,44.66,44.66,44.66,44.66,,0.12%
2022-08-04,44.605,44.605,44.605,44.605,,-2.93%
2022-08-03,45.95,45.95,45.95,45.95,,1.48%
2022-08-02,45.28,45.28,45.28,45.28,,1.00%
2022-08-01,44.83,44.83,44.83,44.83,,6.17%
2022-07-29,42.225,42.225,42.225,42.225,,1.65%
2022-07-28,41.54,41.54,41.54,41.54,,-3.69%
2022-07-27,43.13,43.13,43.13,43.13,,7.26%
2022-07-26,40.21,40.21,40.21,40.21,,2.08%
2022-07-25,39.39,39.39,39.39,39.39,,1.03%
2022-07-22,38.99,38.99,38.99,38.99,,2.35%
2022-07-21,38.095,38.095,38.095,38.095,,-0.20%
2022-07-20,38.17,38.17,38.17,38.17,,1.83%
2022-07-19,37.485,37.485,37.485,37.485,,2.43%
2022-07-18,36.595,36.595,36.595,36.595,,-6.36%
2022-07-15,39.081,39.081,39.081,39.081,,-0.34%
2022-07-14,39.215,39.215,39.215,39.215,,0.03%
2022-07-13,39.205,39.205,39.205,39.205,,1.49%
2022-07-12,38.63,38.63,38.63,38.63,,-0.54%
2022-07-11,38.84,38.84,38.84,38.84,,-1.38%
2022-07-08,39.385,39.385,39.385,39.385,,-0.47%
2022-07-07,39.57,39.57,39.57,39.57,,2.49%
2022-07-06,38.61,38.61,38.61,38.61,,-3.70%
2022-07-05,40.095,40.095,40.095,40.095,,3.67%
2022-07-01,38.675,38.675,38.675,38.675,,0.04%
2022-06-30,38.66,38.66,38.66,38.66,,4.04%
2022-06-29,37.16,37.16,37.16,37.16,,0.43%
2022-06-28,37.0,37.0,37.0,37.0,,-0.24%
2022-06-27,37.09,37.09,37.09,37.09,,-0.01%
2022-06-24,37.095,37.095,37.095,37.095,,-0.09%
2022-06-23,37.13,37.13,37.13,37.13,,0.05%
2022-06-22,37.11,37.11,37.11,37.11,,-0.58%
2022-06-21,37.325,37.325,37.325,37.325,,9.92%
2022-06-17,33.955,33.955,33.955,33.955,,-2.01%
2022-06-16,34.65,34.65,34.65,34.65,,48.11%
2022-06-15,23.395,23.395,23.395,23.395,,0.95%
2022-06-14,23.175,23.175,23.175,23.175,,0.61%
2022-06-13,23.035,23.035,23.035,23.035,,-0.56%
2022-06-10,23.165,23.165,23.165,23.165,,0.02%
2022-06-09,23.16,23.16,23.16,23.16,,1.69%
2022-06-08,22.775,22.775,22.775,22.775,,-0.42%
2022-06-07,22.87,22.87,22.87,22.87,,-2.08%
2022-06-06,23.355,23.355,23.355,23.355,,-2.75%
2022-06-03,24.015,24.015,24.015,24.015,,0.00%
2022-06-02,24.015,24.015,24.015,24.015,,0.00%
2022-06-01,24.015,24.015,24.015,24.015,,-0.25%
2022-05-31,24.075,24.075,24.075,24.075,,6.41%
2022-05-27,22.625,22.625,22.625,22.625,,0.62%
2022-05-26,22.485,22.485,22.485,22.485,,1.19%
2022-05-25,22.22,22.22,22.22,22.22,,0.68%
2022-05-24,22.07,22.07,22.07,22.07,,-2.35%
2022-05-23,22.6,22.6,22.6,22.6,,3.55%
2022-05-20,21.825,21.825,21.825,21.825,,0.16%
2022-05-19,21.79,21.79,21.79,21.79,,2.95%
2022-05-18,21.165,21.165,21.165,21.165,,5.43%
2022-05-17,20.075,20.075,20.075,20.075,,0.25%
2022-05-16,20.025,20.025,20.025,20.025,,-14.54%
2022-05-13,23.433,23.433,23.433,23.433,,-0.41%
2022-05-12,23.53,23.53,23.53,23.53,,0.66%
2022-05-11,23.375,23.375,23.375,23.375,,1.72%
2022-05-10,22.98,22.98,22.98,22.98,,-0.76%
2022-05-09,23.155,23.155,23.155,23.155,,-3.64%
2022-05-06,24.03,24.03,24.03,24.03,,-0.48%
2022-05-05,24.145,24.145,24.145,24.145,,0.44%
2022-05-04,24.04,24.04,24.04,24.04,,2.30%
2022-05-03,23.5,23.5,23.5,23.5,,0.00%
2022-05-02,23.5,23.5,23.5,23.5,,-4.20%
2022-04-29,24.53,24.53,24.53,24.53,,-1.17%
2022-04-28,24.82,24.82,24.82,24.82,,-1.29%
2022-04-27,25.145,25.145,25.145,25.145,,0.60%
2022-04-26,24.995,24.995,24.995,24.995,,-1.58%
2022-04-25,25.395,25.395,25.395,25.395,,-0.39%
2022-04-22,25.495,25.495,25.495,25.495,,0.81%
2022-04-21,25.29,25.29,25.29,25.29,,0.36%
2022-04-20,25.2,25.2,25.2,25.2,0.02K,0.32%
2022-04-19,25.12,25.12,25.12,25.12,,-0.99%
2022-04-18,25.37,25.37,25.37,25.37,,-22.96%
2022-04-14,32.93,32.93,32.93,32.93,,0.02%
2022-04-13,32.925,32.925,32.925,32.925,,-0.12%
2022-04-12,32.965,32.965,32.965,32.965,,-0.17%
2022-04-11,33.02,33.02,33.02,33.02,,-1.74%
2022-04-08,33.605,33.605,33.605,33.605,,1.53%
2022-04-07,33.1,33.1,33.1,33.1,,-1.02%
2022-04-06,33.44,33.44,33.44,33.44,,-0.04%
2022-04-05,33.455,33.455,33.455,33.455,,1.53%
2022-04-04,32.95,32.95,32.95,32.95,,-5.02%
2022-04-01,34.69,34.69,34.69,34.69,,-2.10%
2022-03-31,35.435,35.435,35.435,35.435,,3.76%
2022-03-30,34.15,34.15,34.15,34.15,,0.81%
2022-03-29,33.875,33.875,33.875,33.875,,-0.28%
2022-03-28,33.97,33.97,33.97,33.97,,-1.34%
2022-03-25,34.43,34.43,34.43,34.43,,-0.72%
2022-03-24,34.68,34.68,34.68,34.68,,1.64%
2022-03-23,34.12,34.12,34.12,34.12,,-0.16%
2022-03-22,34.175,34.175,34.175,34.175,0.02K,-1.82%
2022-03-21,34.81,34.81,34.81,34.81,0.01K,-1.93%
2022-03-18,35.495,35.495,35.495,35.495,,-0.17%
2022-03-17,35.555,35.555,35.555,35.555,0.01K,5.71%
2022-03-16,33.635,33.635,33.635,33.635,,-10.17%
2022-03-15,37.445,37.445,37.445,37.445,,0.52%
2022-03-14,37.25,37.25,37.25,37.25,,0.28%
2022-03-11,37.145,37.145,37.145,37.145,,-3.08%
2022-03-10,38.325,38.325,38.325,38.325,,-1.64%
2022-03-09,38.965,38.965,38.965,38.965,,-8.58%
2022-03-08,42.62,42.62,42.62,42.62,,-17.67%
2022-03-07,51.765,51.765,51.765,51.765,,33.93%
2022-03-04,38.65,38.65,38.65,38.65,,-11.35%
2022-03-03,43.6,43.6,43.6,43.6,,13.23%
2022-03-02,38.505,38.505,38.505,38.505,,22.24%
2022-03-01,31.5,31.5,31.5,31.5,,12.70%
2022-02-28,27.95,27.95,27.95,27.95,,1.60%
2022-02-25,27.51,27.51,27.51,27.51,,-25.67%
2022-02-24,37.01,37.01,37.01,37.01,,27.77%
2022-02-23,28.965,28.965,28.965,28.965,,11.58%
2022-02-22,25.96,25.96,25.96,25.96,,9.05%
2022-02-18,23.805,23.805,23.805,23.805,,-2.88%
2022-02-17,24.51,24.51,24.51,24.51,,6.22%
2022-02-16,23.075,23.075,23.075,23.075,,-7.01%
2022-02-15,24.815,24.815,24.815,24.815,,-0.28%
2022-02-14,24.885,24.885,24.885,24.885,,1.28%
2022-02-11,24.57,24.57,24.57,24.57,,-0.91%
2022-02-10,24.795,24.795,24.795,24.795,,0.32%
2022-02-09,24.715,24.715,24.715,24.715,,-2.33%
2022-02-08,25.305,25.305,25.305,25.305,,0.82%
2022-02-07,25.1,25.1,25.1,25.1,,-0.99%
2022-02-04,25.35,25.35,25.35,25.35,,4.15%
2022-02-03,24.34,24.34,24.34,24.34,,0.58%
2022-02-02,24.2,24.2,24.2,24.2,,2.09%
2022-02-01,23.705,23.705,23.705,23.705,,-4.07%
2022-01-31,24.71,24.71,24.71,24.71,,-7.83%
2022-01-28,26.81,26.81,26.81,26.81,,6.07%
2022-01-27,25.275,25.275,25.275,25.275,,-2.13%
2022-01-26,25.825,25.825,25.825,25.825,,-0.69%
2022-01-25,26.005,26.005,26.005,26.005,,3.24%
2022-01-24,25.19,25.19,25.19,25.19,,14.03%
2022-01-21,22.09,22.09,22.09,22.09,,7.62%
2022-01-20,20.525,20.525,20.525,20.525,,-2.91%
2022-01-19,21.14,21.14,21.14,21.14,,-7.83%
2022-01-18,22.935,22.935,22.935,22.935,,-30.17%
2022-01-14,32.845,32.845,32.845,32.845,,0.74%
2022-01-13,32.605,32.605,32.605,32.605,,-1.20%
2022-01-12,33.0,33.0,33.0,33.0,,0.26%
2022-01-11,32.915,32.915,32.915,32.915,,-1.05%
2022-01-10,33.265,33.265,33.265,33.265,,-2.02%
2022-01-07,33.95,33.95,33.95,33.95,,-0.35%
2022-01-06,34.07,34.07,34.07,34.07,,-0.35%
2022-01-05,34.19,34.19,34.19,34.19,,4.41%
2022-01-04,32.745,32.745,32.745,32.745,,7.34%
2022-01-03,30.505,30.505,30.505,30.505,,0.03%
2021-12-31,30.495,30.495,30.495,30.495,,-10.86%
2021-12-30,34.21,34.21,34.21,34.21,,0.53%
2021-12-29,34.03,34.03,34.03,34.03,,-14.74%
2021-12-28,39.915,39.915,39.915,39.915,,-2.60%
2021-12-27,40.98,40.98,40.98,40.98,,5.51%
2021-12-23,38.84,38.84,38.84,38.84,,-15.59%
2021-12-22,46.015,46.015,46.015,46.015,,-6.75%
2021-12-21,49.345,49.345,49.345,49.345,,9.59%
2021-12-20,45.025,45.025,45.025,45.025,,6.07%
2021-12-17,42.45,42.45,42.45,42.45,,-2.29%
2021-12-16,43.445,43.445,43.445,43.445,,21.12%
2021-12-15,35.87,35.87,35.87,35.87,,0.29%
2021-12-14,35.765,35.765,35.765,35.765,,0.10%
2021-12-13,35.73,35.73,35.73,35.73,,1.46%
2021-12-10,35.215,35.215,35.215,35.215,,0.09%
2021-12-09,35.185,35.185,35.185,35.185,,0.10%
2021-12-08,35.15,35.15,35.15,35.15,,0.24%
2021-12-07,35.065,35.065,35.065,35.065,,1.95%
2021-12-06,34.395,34.395,34.395,34.395,,0.60%
2021-12-03,34.19,34.19,34.19,34.19,,-3.20%
2021-12-02,35.32,35.32,35.32,35.32,,-1.57%
2021-12-01,35.885,35.885,35.885,35.885,,-0.17%
2021-11-30,35.945,35.945,35.945,35.945,,-0.84%
2021-11-29,36.25,36.25,36.25,36.25,,3.90%
2021-11-26,34.89,34.89,34.89,34.89,,-3.63%
2021-11-24,36.205,36.205,36.205,36.205,,0.36%
2021-11-23,36.075,36.075,36.075,36.075,,6.20%
2021-11-22,33.97,33.97,33.97,33.97,,-0.83%
2021-11-19,34.255,34.255,34.255,34.255,,-8.81%
2021-11-18,37.565,37.565,37.565,37.565,,0.75%
2021-11-17,37.285,37.285,37.285,37.285,,-1.48%
2021-11-16,37.845,37.845,37.845,37.845,,19.72%
2021-11-15,31.612,31.612,31.612,31.612,,0.15%
2021-11-12,31.565,31.565,31.565,31.565,,0.48%
2021-11-11,31.415,31.415,31.415,31.415,,0.88%
2021-11-10,31.14,31.14,31.14,31.14,,-1.95%
2021-11-09,31.76,31.76,31.76,31.76,,-1.20%
2021-11-08,32.145,32.145,32.145,32.145,,1.66%
2021-11-05,31.62,31.62,31.62,31.62,,-1.20%
2021-11-04,32.005,32.005,32.005,32.005,,-2.29%
2021-11-03,32.755,32.755,32.755,32.755,,6.33%
2021-11-02,30.805,30.805,30.805,30.805,,5.48%
2021-11-01,29.205,29.205,29.205,29.205,,-2.65%
2021-10-29,30.0,30.0,30.0,30.0,,-6.28%
2021-10-28,32.01,32.01,32.01,32.01,,-5.59%
2021-10-27,33.905,33.905,33.905,33.905,,-0.88%
2021-10-26,34.205,34.205,34.205,34.205,,1.88%
2021-10-25,33.575,33.575,33.575,33.575,,0.96%
2021-10-22,33.255,33.255,33.255,33.255,,-0.60%
2021-10-21,33.455,33.455,33.455,33.455,,-5.91%
2021-10-20,35.555,35.555,35.555,35.555,,1.91%
2021-10-19,34.89,34.89,34.89,34.89,,1.60%
2021-10-18,34.34,34.34,34.34,34.34,,3.27%
2021-10-15,33.254,33.254,33.254,33.254,,-0.15%
2021-10-14,33.305,33.305,33.305,33.305,,0.59%
2021-10-13,33.11,33.11,33.11,33.11,,0.64%
2021-10-12,32.9,32.9,32.9,32.9,,-0.54%
2021-10-11,33.08,33.08,33.08,33.08,,3.18%
2021-10-08,32.06,32.06,32.06,32.06,,-3.08%
2021-10-07,33.08,33.08,33.08,33.08,,-2.85%
2021-10-06,34.05,34.05,34.05,34.05,,-2.89%
2021-10-05,35.065,35.065,35.065,35.065,,11.11%
2021-10-04,31.56,31.56,31.56,31.56,,1.58%
2021-10-01,31.07,31.07,31.07,31.07,,-0.08%
2021-09-30,31.095,31.095,31.095,31.095,,3.63%
2021-09-29,30.005,30.005,30.005,30.005,,2.23%
2021-09-28,29.35,29.35,29.35,29.35,,0.53%
2021-09-27,29.195,29.195,29.195,29.195,,6.18%
2021-09-24,27.495,27.495,27.495,27.495,,2.59%
2021-09-23,26.8,26.8,26.8,26.8,,-0.65%
2021-09-22,26.975,26.975,26.975,26.975,,-2.00%
2021-09-21,27.525,27.525,27.525,27.525,,1.25%
2021-09-20,27.185,27.185,27.185,27.185,,8.74%
2021-09-17,25.0,25.0,25.0,25.0,,6.75%
2021-09-16,23.42,23.42,23.42,23.42,,23.14%
2021-09-15,19.019,19.019,19.019,19.019,,0.44%
2021-09-14,18.935,18.935,18.935,18.935,,0.61%
2021-09-13,18.82,18.82,18.82,18.82,,0.91%
2021-09-10,18.65,18.65,18.65,18.65,,0.13%
2021-09-09,18.625,18.625,18.625,18.625,,-0.13%
2021-09-08,18.65,18.65,18.65,18.65,,-0.19%
2021-09-07,18.685,18.685,18.685,18.685,,1.22%
2021-09-03,18.46,18.46,18.46,18.46,,0.00%
2021-09-02,18.46,18.46,18.46,18.46,,2.44%
2021-09-01,18.02,18.02,18.02,18.02,,-1.10%
2021-08-31,18.22,18.22,18.22,18.22,,2.82%
2021-08-30,17.72,17.72,17.72,17.72,,0.11%
2021-08-27,17.7,17.7,17.7,17.7,,2.64%
2021-08-26,17.245,17.245,17.245,17.245,,1.26%
2021-08-25,17.03,17.03,17.03,17.03,,1.07%
2021-08-24,16.85,16.85,16.85,16.85,,3.12%
2021-08-23,16.34,16.34,16.34,16.34,,4.91%
2021-08-20,15.575,15.575,15.575,15.575,,2.60%
2021-08-19,15.18,15.18,15.18,15.18,,-9.48%
2021-08-18,16.77,16.77,16.77,16.77,,-4.06%
2021-08-17,17.48,17.48,17.48,17.48,,-2.83%
2021-08-16,17.99,17.99,17.99,17.99,,14.92%
2021-08-13,15.655,15.655,15.655,15.655,,-0.06%
2021-08-12,15.665,15.665,15.665,15.665,,0.10%
2021-08-11,15.65,15.65,15.65,15.65,,-0.95%
2021-08-10,15.8,15.8,15.8,15.8,,0.25%
2021-08-09,15.76,15.76,15.76,15.76,,0.38%
2021-08-06,15.7,15.7,15.7,15.7,,1.95%
2021-08-05,15.4,15.4,15.4,15.4,,0.49%
2021-08-04,15.325,15.325,15.325,15.325,,-0.10%
2021-08-03,15.34,15.34,15.34,15.34,,-0.81%
2021-08-02,15.465,15.465,15.465,15.465,,4.81%
2021-07-30,14.755,14.755,14.755,14.755,,-3.25%
2021-07-29,15.25,15.25,15.25,15.25,,1.09%
2021-07-28,15.085,15.085,15.085,15.085,,1.89%
2021-07-27,14.805,14.805,14.805,14.805,,1.47%
2021-07-26,14.59,14.59,14.59,14.59,,2.89%
2021-07-23,14.18,14.18,14.18,14.18,,-0.67%
2021-07-22,14.275,14.275,14.275,14.275,,-0.24%
2021-07-21,14.31,14.31,14.31,14.31,,1.96%
2021-07-20,14.035,14.035,14.035,14.035,,-1.09%
2021-07-19,14.19,14.19,14.19,14.19,,1.65%
2021-07-16,13.96,13.96,13.96,13.96,,7.61%
2021-07-15,12.973,12.973,12.973,12.973,,-0.02%
2021-07-14,12.975,12.975,12.975,12.975,,0.04%
2021-07-13,12.97,12.97,12.97,12.97,,-0.31%
2021-07-12,13.01,13.01,13.01,13.01,,0.08%
2021-07-09,13.0,13.0,13.0,13.0,,0.50%
2021-07-08,12.935,12.935,12.935,12.935,,1.97%
2021-07-07,12.685,12.685,12.685,12.685,,-1.55%
2021-07-06,12.885,12.885,12.885,12.885,,-1.75%
2021-07-02,13.115,13.115,13.115,13.115,,-0.87%
2021-07-01,13.23,13.23,13.23,13.23,,0.92%
2021-06-30,13.11,13.11,13.11,13.11,,1.04%
2021-06-29,12.975,12.975,12.975,12.975,,2.17%
2021-06-28,12.7,12.7,12.7,12.7,,-0.43%
2021-06-25,12.755,12.755,12.755,12.755,,1.03%
2021-06-24,12.625,12.625,12.625,12.625,,0.16%
2021-06-23,12.605,12.605,12.605,12.605,,1.65%
2021-06-22,12.4,12.4,12.4,12.4,,3.77%
2021-06-21,11.95,11.95,11.95,11.95,,0.67%
2021-06-18,11.87,11.87,11.87,11.87,,2.37%
2021-06-17,11.595,11.595,11.595,11.595,,-0.30%
2021-06-16,11.63,11.63,11.63,11.63,,6.46%
2021-06-15,10.924,10.924,10.924,10.924,,0.04%
2021-06-14,10.92,10.92,10.92,10.92,,0.00%
2021-06-11,10.92,10.92,10.92,10.92,,-0.05%
2021-06-10,10.925,10.925,10.925,10.925,,0.23%
2021-06-09,10.9,10.9,10.9,10.9,,0.46%
2021-06-08,10.85,10.85,10.85,10.85,,1.64%
2021-06-07,10.675,10.675,10.675,10.675,,0.66%
2021-06-04,10.605,10.605,10.605,10.605,,-0.19%
2021-06-03,10.625,10.625,10.625,10.625,,0.00%
2021-06-02,10.625,10.625,10.625,10.625,,-0.23%
2021-06-01,10.65,10.65,10.65,10.65,,2.40%
2021-05-28,10.4,10.4,10.4,10.4,,0.24%
2021-05-27,10.375,10.375,10.375,10.375,,-2.35%
2021-05-26,10.625,10.625,10.625,10.625,,0.24%
2021-05-25,10.6,10.6,10.6,10.6,,5.21%
2021-05-24,10.075,10.075,10.075,10.075,,0.95%
2021-05-21,9.98,9.98,9.98,9.98,,-0.70%
2021-05-20,10.05,10.05,10.05,10.05,,6.12%
2021-05-19,9.47,9.47,9.47,9.47,,-5.21%
2021-05-18,9.99,9.99,9.99,9.99,,-3.29%
2021-05-17,10.33,10.33,10.33,10.33,,13.21%
2021-05-13,9.125,9.125,9.125,9.125,,0.00%
2021-05-12,9.125,9.125,9.125,9.125,,0.11%
2021-05-11,9.115,9.115,9.115,9.115,,-0.05%
2021-05-10,9.12,9.12,9.12,9.12,,0.83%
2021-05-07,9.045,9.045,9.045,9.045,,-0.17%
2021-05-06,9.06,9.06,9.06,9.06,,1.00%
2021-05-05,8.97,8.97,8.97,8.97,,-0.39%
2021-05-04,9.005,9.005,9.005,9.005,,1.12%
2021-05-03,8.905,8.905,8.905,8.905,,0.11%
2021-04-30,8.895,8.895,8.895,8.895,,1.08%
2021-04-29,8.8,8.8,8.8,8.8,,2.33%
2021-04-28,8.6,8.6,8.6,8.6,,0.00%
2021-04-27,8.6,8.6,8.6,8.6,,4.24%
2021-04-26,8.25,8.25,8.25,8.25,,0.61%
2021-04-23,8.2,8.2,8.2,8.2,,-4.09%
2021-04-22,8.55,8.55,8.55,8.55,,0.00%
2021-04-21,8.55,8.55,8.55,8.55,,-1.16%
2021-04-20,8.65,8.65,8.65,8.65,,-0.17%
2021-04-19,8.665,8.665,8.665,8.665,,5.09%
2021-04-16,8.245,8.245,8.245,8.245,,17.50%
2021-04-15,7.017,7.017,7.017,7.017,,0.03%
2021-04-14,7.015,7.015,7.015,7.015,,0.00%
2021-04-13,7.015,7.015,7.015,7.015,,0.14%
2021-04-12,7.005,7.005,7.005,7.005,,0.29%
2021-04-09,6.985,6.985,6.985,6.985,,0.00%
2021-04-08,6.985,6.985,6.985,6.985,,0.07%
2021-04-07,6.98,6.98,6.98,6.98,,0.14%
2021-04-06,6.97,6.97,6.97,6.97,,0.65%
2021-04-05,6.925,6.925,6.925,6.925,,0.00%
2021-04-01,6.925,6.925,6.925,6.925,,-1.35%
2021-03-31,7.02,7.02,7.02,7.02,,1.23%
2021-03-30,6.935,6.935,6.935,6.935,,1.02%
2021-03-29,6.865,6.865,6.865,6.865,,-0.94%
2021-03-26,6.93,6.93,6.93,6.93,,2.67%
2021-03-25,6.75,6.75,6.75,6.75,,-1.53%
2021-03-24,6.855,6.855,6.855,6.855,,0.00%
2021-03-23,6.855,6.855,6.855,6.855,,3.47%
2021-03-22,6.625,6.625,6.625,6.625,,3.11%
2021-03-19,6.425,6.425,6.425,6.425,,-2.13%
2021-03-18,6.565,6.565,6.565,6.565,,-1.28%
2021-03-17,6.65,6.65,6.65,6.65,0.02K,1.84%
2021-03-16,6.53,6.53,6.53,6.53,,7.45%
2021-03-15,6.077,6.077,6.077,6.077,,0.12%
2021-03-12,6.07,6.07,6.07,6.07,,0.25%
2021-03-11,6.055,6.055,6.055,6.055,,0.92%
2021-03-10,6.0,6.0,6.0,6.0,,-0.17%
2021-03-09,6.01,6.01,6.01,6.01,,0.17%
2021-03-08,6.0,6.0,6.0,6.0,,0.00%
2021-03-05,6.0,6.0,6.0,6.0,,0.00%
2021-03-04,6.0,6.0,6.0,6.0,,2.13%
2021-03-03,5.875,5.875,5.875,5.875,,0.00%
2021-03-02,5.875,5.875,5.875,5.875,,-0.84%
2021-03-01,5.925,5.925,5.925,5.925,,-4.36%
2021-02-26,6.195,6.195,6.195,6.195,,6.72%
2021-02-25,5.805,5.805,5.805,5.805,,-3.89%
2021-02-24,6.04,6.04,6.04,6.04,,-3.05%
2021-02-23,6.23,6.23,6.23,6.23,,-0.40%
2021-02-22,6.255,6.255,6.255,6.255,,-2.27%
2021-02-19,6.4,6.4,6.4,6.4,,-3.03%
2021-02-18,6.6,6.6,6.6,6.6,,4.68%
2021-02-17,6.305,6.305,6.305,6.305,,-0.71%
2021-02-16,6.35,6.35,6.35,6.35,,-23.16%
2021-02-12,8.264,8.264,8.264,8.264,,-0.01%
2021-02-11,8.265,8.265,8.265,8.265,,-0.18%
2021-02-10,8.28,8.28,8.28,8.28,,-0.30%
2021-02-09,8.305,8.305,8.305,8.305,,-1.48%
2021-02-08,8.43,8.43,8.43,8.43,,0.54%
2021-02-05,8.385,8.385,8.385,8.385,,0.54%
2021-02-04,8.34,8.34,8.34,8.34,,-0.30%
2021-02-03,8.365,8.365,8.365,8.365,,-0.77%
2021-02-02,8.43,8.43,8.43,8.43,,-1.06%
2021-02-01,8.52,8.52,8.52,8.52,,-3.95%
2021-01-29,8.87,8.87,8.87,8.87,,0.23%
2021-01-28,8.85,8.85,8.85,8.85,,2.73%
2021-01-27,8.615,8.615,8.615,8.615,,0.64%
2021-01-26,8.56,8.56,8.56,8.56,,-0.58%
2021-01-25,8.61,8.61,8.61,8.61,,-2.77%
2021-01-22,8.855,8.855,8.855,8.855,,4.36%
2021-01-21,8.485,8.485,8.485,8.485,,-5.88%
2021-01-20,9.015,9.015,9.015,9.015,,5.81%
2021-01-19,8.52,8.52,8.52,8.52,,-53.47%
2021-01-15,18.309,18.309,18.309,18.309,,-1.41%
2021-01-14,18.57,18.57,18.57,18.57,,0.00%
2021-01-13,18.57,18.57,18.57,18.57,,-5.74%
2021-01-12,19.7,19.7,19.7,19.7,,0.00%
2021-01-11,19.7,19.7,19.7,19.7,,14.20%
2021-01-08,17.25,17.25,17.25,17.25,,0.00%
2021-01-07,17.25,17.25,17.25,17.25,,10.93%
2021-01-06,15.55,15.55,15.55,15.55,,2.95%
2021-01-05,15.105,15.105,15.105,15.105,,1.17%
2021-01-04,14.93,14.93,14.93,14.93,,4.41%
2020-12-31,14.3,14.3,14.3,14.3,,11.76%
2020-12-30,12.795,12.795,12.795,12.795,,5.74%
2020-12-29,12.1,12.1,12.1,12.1,,9.16%
2020-12-28,11.085,11.085,11.085,11.085,,0.77%
2020-12-24,11.0,11.0,11.0,11.0,,4.51%
2020-12-23,10.525,10.525,10.525,10.525,,-2.14%
2020-12-22,10.755,10.755,10.755,10.755,,7.01%
2020-12-21,10.05,10.05,10.05,10.05,,4.04%
2020-12-18,9.66,9.66,9.66,9.66,,-4.50%
2020-12-17,10.115,10.115,10.115,10.115,,-3.07%
2020-12-16,10.435,10.435,10.435,10.435,,27.68%
2020-12-15,8.173,8.173,8.173,8.173,,0.10%
2020-12-14,8.165,8.165,8.165,8.165,,1.11%
2020-12-11,8.075,8.075,8.075,8.075,,2.02%
2020-12-10,7.915,7.915,7.915,7.915,,1.21%
2020-12-09,7.82,7.82,7.82,7.82,,1.62%
2020-12-08,7.695,7.695,7.695,7.695,,1.25%
2020-12-07,7.6,7.6,7.6,7.6,,1.40%
2020-12-04,7.495,7.495,7.495,7.495,,-0.07%
2020-12-03,7.5,7.5,7.5,7.5,,-0.66%
2020-12-02,7.55,7.55,7.55,7.55,,3.07%
2020-12-01,7.325,7.325,7.325,7.325,,0.00%
2020-11-30,7.325,7.325,7.325,7.325,,2.45%
2020-11-27,7.15,7.15,7.15,7.15,,2.88%
2020-11-25,6.95,6.95,6.95,6.95,,3.04%
2020-11-24,6.745,6.745,6.745,6.745,,2.98%
2020-11-23,6.55,6.55,6.55,6.55,,2.75%
2020-11-20,6.375,6.375,6.375,6.375,,2.00%
2020-11-19,6.25,6.25,6.25,6.25,,-2.80%
2020-11-18,6.43,6.43,6.43,6.43,,-2.06%
2020-11-17,6.565,6.565,6.565,6.565,,-2.74%
2020-11-16,6.75,6.75,6.75,6.75,,-2.16%
2020-11-13,6.899,6.899,6.899,6.899,,-0.01%
2020-11-12,6.9,6.9,6.9,6.9,,-0.07%
2020-11-11,6.905,6.905,6.905,6.905,,0.00%
2020-11-10,6.905,6.905,6.905,6.905,,0.00%
2020-11-09,6.905,6.905,6.905,6.905,,0.00%
2020-11-06,6.905,6.905,6.905,6.905,,0.73%
2020-11-05,6.855,6.855,6.855,6.855,,0.00%
2020-11-04,6.855,6.855,6.855,6.855,,0.81%
2020-11-03,6.8,6.8,6.8,6.8,,-1.66%
2020-11-02,6.915,6.915,6.915,6.915,,-1.50%
2020-10-30,7.02,7.02,7.02,7.02,,1.37%
2020-10-29,6.925,6.925,6.925,6.925,,-0.36%
2020-10-28,6.95,6.95,6.95,6.95,,-0.71%
2020-10-27,7.0,7.0,7.0,7.0,0.37K,-2.78%
2020-10-26,7.2,7.2,7.2,7.2,,-0.69%
2020-10-23,7.25,7.25,7.25,7.25,,5.45%
2020-10-22,6.875,6.875,6.875,6.875,,2.23%
2020-10-21,6.725,6.725,6.725,6.725,0.11K,2.67%
2020-10-20,6.55,6.55,6.55,6.55,,0.61%
2020-10-19,6.51,6.51,6.51,6.51,,3.09%
2020-10-16,6.315,6.315,6.315,6.315,,22.72%
2020-10-15,5.146,5.146,5.146,5.146,,0.02%
2020-10-14,5.145,5.145,5.145,5.145,,0.00%
2020-10-13,5.145,5.145,5.145,5.145,,0.19%
2020-10-12,5.135,5.135,5.135,5.135,,0.00%
2020-10-09,5.135,5.135,5.135,5.135,,0.59%
2020-10-08,5.105,5.105,5.105,5.105,,0.39%
2020-10-07,5.085,5.085,5.085,5.085,,0.69%
2020-10-06,5.05,5.05,5.05,5.05,,0.00%
2020-10-05,5.05,5.05,5.05,5.05,,0.50%
2020-10-02,5.025,5.025,5.025,5.025,,-0.20%
2020-10-01,5.035,5.035,5.035,5.035,,-0.30%
2020-09-30,5.05,5.05,5.05,5.05,,-0.98%
2020-09-29,5.1,5.1,5.1,5.1,,0.49%
2020-09-28,5.075,5.075,5.075,5.075,,2.01%
2020-09-25,4.975,4.975,4.975,4.975,,0.51%
2020-09-24,4.95,4.95,4.95,4.95,,0.00%
2020-09-23,4.95,4.95,4.95,4.95,,2.38%
2020-09-22,4.835,4.835,4.835,4.835,,1.15%
2020-09-21,4.78,4.78,4.78,4.78,,-1.34%
2020-09-18,4.845,4.845,4.845,4.845,,0.00%
2020-09-17,4.845,4.845,4.845,4.845,,-1.02%
2020-09-16,4.895,4.895,4.895,4.895,0.10K,13.63%
2020-09-15,4.308,4.308,4.308,4.308,,-0.05%
2020-09-14,4.31,4.31,4.31,4.31,,0.00%
2020-09-11,4.31,4.31,4.31,4.31,,0.00%
2020-09-10,4.31,4.31,4.31,4.31,,1.41%
2020-09-09,4.25,4.25,4.25,4.25,,-1.62%
2020-09-08,4.32,4.32,4.32,4.32,,2.25%
2020-09-04,4.225,4.225,4.225,4.225,,-2.65%
2020-09-03,4.34,4.34,4.34,4.34,,2.72%
2020-09-02,4.225,4.225,4.225,4.225,,-1.74%
2020-09-01,4.3,4.3,4.3,4.3,,1.78%
2020-08-31,4.225,4.225,4.225,4.225,,0.00%
2020-08-28,4.225,4.225,4.225,4.225,,6.29%
2020-08-27,3.975,3.975,3.975,3.975,,-3.17%
2020-08-26,4.105,4.105,4.105,4.105,,1.99%
2020-08-25,4.025,4.025,4.025,4.025,,3.07%
2020-08-24,3.905,3.905,3.905,3.905,,5.40%
2020-08-21,3.705,3.705,3.705,3.705,,-5.61%
2020-08-20,3.925,3.925,3.925,3.925,,-4.03%
2020-08-19,4.09,4.09,4.09,4.09,,-3.08%
2020-08-18,4.22,4.22,4.22,4.22,,1.08%
2020-08-17,4.175,4.175,4.175,4.175,,44.06%
2020-08-14,2.898,2.898,2.898,2.898,,0.45%
2020-08-13,2.885,2.885,2.885,2.885,,0.17%
2020-08-12,2.88,2.88,2.88,2.88,,0.17%
2020-08-11,2.875,2.875,2.875,2.875,,1.23%
2020-08-10,2.84,2.84,2.84,2.84,,1.97%
2020-08-07,2.785,2.785,2.785,2.785,,0.36%
2020-08-06,2.775,2.775,2.775,2.775,,1.65%
2020-08-05,2.73,2.73,2.73,2.73,,1.68%
2020-08-04,2.685,2.685,2.685,2.685,,0.00%
2020-08-03,2.685,2.685,2.685,2.685,,4.88%
2020-07-31,2.56,2.56,2.56,2.56,,-2.10%
2020-07-30,2.615,2.615,2.615,2.615,,-1.69%
2020-07-29,2.66,2.66,2.66,2.66,,-1.48%
2020-07-28,2.7,2.7,2.7,2.7,,0.56%
2020-07-27,2.685,2.685,2.685,2.685,,3.47%
2020-07-24,2.595,2.595,2.595,2.595,,0.97%
2020-07-23,2.57,2.57,2.57,2.57,,2.80%
2020-07-22,2.5,2.5,2.5,2.5,,1.01%
2020-07-21,2.475,2.475,2.475,2.475,,1.02%
2020-07-20,2.45,2.45,2.45,2.45,,-2.20%
2020-07-17,2.505,2.505,2.505,2.505,,0.20%
2020-07-16,2.5,2.5,2.5,2.5,,15.53%
2020-07-15,2.164,2.164,2.164,2.164,,0.19%
2020-07-14,2.16,2.16,2.16,2.16,,0.23%
2020-07-13,2.155,2.155,2.155,2.155,,-0.92%
2020-07-10,2.175,2.175,2.175,2.175,,0.23%
2020-07-09,2.17,2.17,2.17,2.17,,-0.91%
2020-07-08,2.19,2.19,2.19,2.19,,-0.23%
2020-07-07,2.195,2.195,2.195,2.195,,0.00%
2020-07-06,2.195,2.195,2.195,2.195,,-0.23%
2020-07-02,2.2,2.2,2.2,2.2,,0.00%
2020-07-01,2.2,2.2,2.2,2.2,,2.33%
2020-06-30,2.15,2.15,2.15,2.15,,-2.27%
2020-06-29,2.2,2.2,2.2,2.2,,0.00%
2020-06-26,2.2,2.2,2.2,2.2,,-0.90%
2020-06-25,2.22,2.22,2.22,2.22,,-0.89%
2020-06-24,2.24,2.24,2.24,2.24,,-2.61%
2020-06-23,2.3,2.3,2.3,2.3,,2.22%
2020-06-22,2.25,2.25,2.25,2.25,,1.35%
2020-06-19,2.22,2.22,2.22,2.22,,0.91%
2020-06-18,2.2,2.2,2.2,2.2,,0.00%
2020-06-17,2.2,2.2,2.2,2.2,,-2.22%
2020-06-16,2.25,2.25,2.25,2.25,,9.06%
2020-06-15,2.063,2.063,2.063,2.063,,-0.10%
2020-06-12,2.065,2.065,2.065,2.065,,-0.24%
2020-06-11,2.07,2.07,2.07,2.07,,0.00%
2020-06-10,2.07,2.07,2.07,2.07,,0.49%
2020-06-09,2.06,2.06,2.06,2.06,,-0.48%
2020-06-08,2.07,2.07,2.07,2.07,,0.00%
2020-06-05,2.07,2.07,2.07,2.07,,0.00%
2020-06-04,2.07,2.07,2.07,2.07,,-1.43%
2020-06-03,2.1,2.1,2.1,2.1,,-0.24%
2020-06-02,2.105,2.105,2.105,2.105,,5.25%
2020-06-01,2.0,2.0,2.0,2.0,,-3.15%
2020-05-29,2.065,2.065,2.065,2.065,,2.23%
2020-05-28,2.02,2.02,2.02,2.02,,1.00%
2020-05-27,2.0,2.0,2.0,2.0,,-4.76%
2020-05-26,2.1,2.1,2.1,2.1,,4.74%
2020-05-22,2.005,2.005,2.005,2.005,,-4.30%
2020-05-21,2.095,2.095,2.095,2.095,,-4.56%
2020-05-20,2.195,2.195,2.195,2.195,,-0.90%
2020-05-19,2.215,2.215,2.215,2.215,,-2.85%
2020-05-18,2.28,2.28,2.28,2.28,,8.31%
2020-05-15,2.105,2.105,2.105,2.105,,-0.24%
2020-05-14,2.11,2.11,2.11,2.11,,-0.24%
2020-05-13,2.115,2.115,2.115,2.115,,0.00%
2020-05-12,2.115,2.115,2.115,2.115,,3.68%
2020-05-11,2.04,2.04,2.04,2.04,,0.49%
2020-05-08,2.03,2.03,2.03,2.03,,0.25%
2020-05-07,2.025,2.025,2.025,2.025,,0.25%
2020-05-06,2.02,2.02,2.02,2.02,,0.00%
2020-05-05,2.02,2.02,2.02,2.02,,1.00%
2020-05-04,2.0,2.0,2.0,2.0,,0.00%
2020-05-01,2.0,2.0,2.0,2.0,,-0.25%
2020-04-30,2.005,2.005,2.005,2.005,,0.25%
2020-04-29,2.0,2.0,2.0,2.0,,0.00%
2020-04-28,2.0,2.0,2.0,2.0,,0.25%
2020-04-27,1.995,1.995,1.995,1.995,,-1.48%
2020-04-24,2.025,2.025,2.025,2.025,,-1.22%
2020-04-23,2.05,2.05,2.05,2.05,,-1.20%
2020-04-22,2.075,2.075,2.075,2.075,,-1.43%
2020-04-21,2.105,2.105,2.105,2.105,,-7.27%
2020-04-20,2.27,2.27,2.27,2.27,,-3.20%
2020-04-17,2.345,2.345,2.345,2.345,,-5.06%
2020-04-16,2.47,2.47,2.47,2.47,,-11.63%
2020-04-15,2.795,2.795,2.795,2.795,,-0.18%
2020-04-14,2.8,2.8,2.8,2.8,,-0.18%
2020-04-13,2.805,2.805,2.805,2.805,,0.00%
2020-04-09,2.805,2.805,2.805,2.805,,-0.18%
2020-04-08,2.81,2.81,2.81,2.81,,0.18%
2020-04-07,2.805,2.805,2.805,2.805,,-1.58%
2020-04-06,2.85,2.85,2.85,2.85,,0.18%
2020-04-03,2.845,2.845,2.845,2.845,,-0.52%
2020-04-02,2.86,2.86,2.86,2.86,,-0.35%
2020-04-01,2.87,2.87,2.87,2.87,,-0.17%
2020-03-31,2.875,2.875,2.875,2.875,,-0.17%
2020-03-30,2.88,2.88,2.88,2.88,,-3.19%
2020-03-27,2.975,2.975,2.975,2.975,,0.00%
2020-03-26,2.975,2.975,2.975,2.975,,0.68%
2020-03-25,2.955,2.955,2.955,2.955,,-6.19%
2020-03-24,3.15,3.15,3.15,3.15,,-3.08%
2020-03-23,3.25,3.25,3.25,3.25,,-5.25%
2020-03-20,3.43,3.43,3.43,3.43,,0.88%
2020-03-19,3.4,3.4,3.4,3.4,,0.00%
2020-03-18,3.4,3.4,3.4,3.4,,-1.59%
2020-03-17,3.455,3.455,3.455,3.455,,1.47%
2020-03-16,3.405,3.405,3.405,3.405,,8.44%
2020-03-13,3.14,3.14,3.14,3.14,,0.00%
2020-03-12,3.14,3.14,3.14,3.14,,0.32%
2020-03-11,3.13,3.13,3.13,3.13,,0.48%
2020-03-10,3.115,3.115,3.115,3.115,,0.48%
2020-03-09,3.1,3.1,3.1,3.1,,-0.48%
2020-03-06,3.115,3.115,3.115,3.115,,0.97%
2020-03-05,3.085,3.085,3.085,3.085,,0.33%
2020-03-04,3.075,3.075,3.075,3.075,,0.00%
2020-03-03,3.075,3.075,3.075,3.075,,0.82%
2020-03-02,3.05,3.05,3.05,3.05,,3.04%
2020-02-28,2.96,2.96,2.96,2.96,,-0.50%
2020-02-27,2.975,2.975,2.975,2.975,,-1.00%
2020-02-26,3.005,3.005,3.005,3.005,,3.62%
2020-02-25,2.9,2.9,2.9,2.9,,0.87%
2020-02-24,2.875,2.875,2.875,2.875,,-4.01%
2020-02-21,2.995,2.995,2.995,2.995,,0.67%
2020-02-20,2.975,2.975,2.975,2.975,,-0.67%
2020-02-19,2.995,2.995,2.995,2.995,,0.67%
2020-02-18,2.975,2.975,2.975,2.975,,-15.48%
2020-02-14,3.52,3.52,3.52,3.52,,-0.14%
2020-02-13,3.525,3.525,3.525,3.525,,0.00%
2020-02-12,3.525,3.525,3.525,3.525,,0.00%
2020-02-11,3.525,3.525,3.525,3.525,,0.14%
2020-02-10,3.52,3.52,3.52,3.52,,-1.40%
2020-02-07,3.57,3.57,3.57,3.57,,0.42%
2020-02-06,3.555,3.555,3.555,3.555,,-1.25%
2020-02-05,3.6,3.6,3.6,3.6,,-2.70%
2020-02-04,3.7,3.7,3.7,3.7,,-0.80%
2020-02-03,3.73,3.73,3.73,3.73,,-7.21%
2020-01-31,4.02,4.02,4.02,4.02,,3.74%
2020-01-30,3.875,3.875,3.875,3.875,,-0.64%
2020-01-29,3.9,3.9,3.9,3.9,,-2.50%
2020-01-28,4.0,4.0,4.0,4.0,,0.00%
2020-01-27,4.0,4.0,4.0,4.0,,0.00%
2020-01-24,4.0,4.0,4.0,4.0,,0.00%
2020-01-23,4.0,4.0,4.0,4.0,,-0.50%
2020-01-22,4.02,4.02,4.02,4.02,,-1.35%
2020-01-21,4.075,4.075,4.075,4.075,,-1.33%
2020-01-17,4.13,4.13,4.13,4.13,,-1.20%
2020-01-16,4.18,4.18,4.18,4.18,,-21.06%
2020-01-15,5.295,5.295,5.295,5.295,,-0.09%
2020-01-14,5.3,5.3,5.3,5.3,,0.00%
2020-01-13,5.3,5.3,5.3,5.3,,0.00%
2020-01-10,5.3,5.3,5.3,5.3,,0.00%
2020-01-09,5.3,5.3,5.3,5.3,,-0.19%
2020-01-08,5.31,5.31,5.31,5.31,,0.19%
2020-01-07,5.3,5.3,5.3,5.3,,-0.28%
2020-01-06,5.315,5.315,5.315,5.315,,-1.30%
2020-01-03,5.385,5.385,5.385,5.385,,2.57%
2020-01-02,5.25,5.25,5.25,5.25,,-0.94%
2019-12-31,5.3,5.3,5.3,5.3,,0.95%
2019-12-30,5.25,5.25,5.25,5.25,,0.48%
2019-12-27,5.225,5.225,5.225,5.225,,-0.48%
2019-12-26,5.25,5.25,5.25,5.25,,-0.10%
2019-12-24,5.255,5.255,5.255,5.255,,-0.85%
2019-12-23,5.3,5.3,5.3,5.3,,-2.75%
2019-12-20,5.45,5.45,5.45,5.45,,-1.36%
2019-12-19,5.525,5.525,5.525,5.525,,-0.45%
2019-12-18,5.55,5.55,5.55,5.55,,0.45%
2019-12-17,5.525,5.525,5.525,5.525,,2.50%
2019-12-16,5.39,5.39,5.39,5.39,,-4.52%
2019-12-13,5.645,5.645,5.645,5.645,,0.09%
2019-12-12,5.64,5.64,5.64,5.64,,0.18%
2019-12-11,5.63,5.63,5.63,5.63,,0.00%
2019-12-10,5.63,5.63,5.63,5.63,,0.36%
2019-12-09,5.61,5.61,5.61,5.61,,-0.09%
2019-12-06,5.615,5.615,5.615,5.615,,-0.35%
2019-12-05,5.635,5.635,5.635,5.635,,0.00%
2019-12-04,5.635,5.635,5.635,5.635,,0.00%
2019-12-03,5.635,5.635,5.635,5.635,,0.63%
2019-12-02,5.6,5.6,5.6,5.6,,-0.53%
2019-11-29,5.63,5.63,5.63,5.63,,-1.66%
2019-11-27,5.725,5.725,5.725,5.725,,-0.95%
2019-11-26,5.78,5.78,5.78,5.78,,-1.20%
2019-11-25,5.85,5.85,5.85,5.85,,-1.27%
2019-11-22,5.925,5.925,5.925,5.925,,0.68%
2019-11-21,5.885,5.885,5.885,5.885,0.23K,-1.09%
2019-11-20,5.95,5.95,5.95,5.95,0.15K,0.76%
2019-11-19,5.905,5.905,5.905,5.905,,-0.76%
2019-11-18,5.95,5.95,5.95,5.95,0.11K,-2.14%
2019-11-15,6.08,6.08,6.08,6.08,,0.00%
2019-11-14,6.08,6.08,6.08,6.08,,0.00%
2019-11-13,6.08,6.08,6.08,6.08,,1.00%
2019-11-12,6.02,6.02,6.02,6.02,,-0.99%
2019-11-11,6.08,6.08,6.08,6.08,,-0.90%
2019-11-08,6.135,6.135,6.135,6.135,,0.66%
2019-11-07,6.095,6.095,6.095,6.095,,-0.97%
2019-11-06,6.155,6.155,6.155,6.155,,-0.97%
2019-11-05,6.215,6.215,6.215,6.215,,-1.35%
2019-11-04,6.3,6.3,6.3,6.3,,-0.40%
2019-11-01,6.325,6.325,6.325,6.325,0.25K,1.36%
2019-10-31,6.24,6.24,6.24,6.24,,1.38%
2019-10-30,6.155,6.155,6.155,6.155,,-2.30%
2019-10-29,6.3,6.3,6.3,6.3,,-0.40%
2019-10-28,6.325,6.325,6.325,6.325,,-1.79%
2019-10-25,6.44,6.44,6.44,6.44,,-1.98%
2019-10-24,6.57,6.57,6.57,6.57,,-0.68%
2019-10-23,6.615,6.615,6.615,6.615,,-1.71%
2019-10-22,6.73,6.73,6.73,6.73,,-1.82%
2019-10-21,6.855,6.855,6.855,6.855,,-1.01%
2019-10-18,6.925,6.925,6.925,6.925,,-1.63%
2019-10-17,7.04,7.04,7.04,7.04,0.03K,0.72%
2019-10-16,6.99,6.99,6.99,6.99,,20.00%
2019-10-15,5.825,5.825,5.825,5.825,,0.00%
2019-10-14,5.825,5.825,5.825,5.825,,0.09%
2019-10-11,5.82,5.82,5.82,5.82,,0.00%
2019-10-10,5.82,5.82,5.82,5.82,,0.43%
2019-10-09,5.795,5.795,5.795,5.795,,-0.09%
2019-10-08,5.8,5.8,5.8,5.8,,0.87%
2019-10-07,5.75,5.75,5.75,5.75,,0.44%
2019-10-04,5.725,5.725,5.725,5.725,,-0.43%
2019-10-03,5.75,5.75,5.75,5.75,,0.79%
2019-10-02,5.705,5.705,5.705,5.705,,-0.95%
2019-10-01,5.76,5.76,5.76,5.76,,1.23%
2019-09-30,5.69,5.69,5.69,5.69,,-1.04%
2019-09-27,5.75,5.75,5.75,5.75,,0.79%
2019-09-26,5.705,5.705,5.705,5.705,,1.88%
2019-09-25,5.6,5.6,5.6,5.6,,-1.58%
2019-09-24,5.69,5.69,5.69,5.69,,-1.04%
2019-09-23,5.75,5.75,5.75,5.75,,-4.09%
2019-09-20,5.995,5.995,5.995,5.995,,2.92%
2019-09-19,5.825,5.825,5.825,5.825,,-1.19%
2019-09-18,5.895,5.895,5.895,5.895,0.10K,-3.91%
2019-09-17,6.135,6.135,6.135,6.135,,-6.12%
2019-09-16,6.535,6.535,6.535,6.535,,42.53%
2019-09-13,4.585,4.585,4.585,4.585,,0.33%
2019-09-12,4.57,4.57,4.57,4.57,,0.00%
2019-09-11,4.57,4.57,4.57,4.57,,0.99%
2019-09-10,4.525,4.525,4.525,4.525,,0.44%
2019-09-09,4.505,4.505,4.505,4.505,,0.67%
2019-09-06,4.475,4.475,4.475,4.475,,0.00%
2019-09-05,4.475,4.475,4.475,4.475,,0.56%
2019-09-04,4.45,4.45,4.45,4.45,,-2.41%
2019-09-03,4.56,4.56,4.56,4.56,,-2.36%
2019-08-30,4.67,4.67,4.67,4.67,,0.43%
2019-08-29,4.65,4.65,4.65,4.65,,1.64%
2019-08-28,4.575,4.575,4.575,4.575,,0.33%
2019-08-27,4.56,4.56,4.56,4.56,,-0.22%
2019-08-26,4.57,4.57,4.57,4.57,,0.00%
2019-08-23,4.57,4.57,4.57,4.57,,-0.44%
2019-08-22,4.59,4.59,4.59,4.59,,-2.24%
2019-08-21,4.695,4.695,4.695,4.695,,-0.11%
2019-08-20,4.7,4.7,4.7,4.7,,0.43%
2019-08-19,4.68,4.68,4.68,4.68,,-0.95%
2019-08-16,4.725,4.725,4.725,4.725,,9.37%
2019-08-15,4.32,4.32,4.32,4.32,,0.00%
2019-08-14,4.32,4.32,4.32,4.32,,0.12%
2019-08-13,4.315,4.315,4.315,4.315,,0.00%
2019-08-12,4.315,4.315,4.315,4.315,,0.00%
2019-08-09,4.315,4.315,4.315,4.315,,0.00%
2019-08-08,4.315,4.315,4.315,4.315,,0.00%
2019-08-07,4.315,4.315,4.315,4.315,,0.23%
2019-08-06,4.305,4.305,4.305,4.305,,0.00%
2019-08-05,4.305,4.305,4.305,4.305,,0.70%
2019-08-02,4.275,4.275,4.275,4.275,,-0.35%
2019-08-01,4.29,4.29,4.29,4.29,,0.35%
2019-07-31,4.275,4.275,4.275,4.275,,-0.12%
2019-07-30,4.28,4.28,4.28,4.28,,-1.04%
2019-07-29,4.325,4.325,4.325,4.325,,-1.26%
2019-07-26,4.38,4.38,4.38,4.38,,-1.46%
2019-07-25,4.445,4.445,4.445,4.445,,-0.11%
2019-07-24,4.45,4.45,4.45,4.45,,-1.66%
2019-07-23,4.525,4.525,4.525,4.525,,-0.22%
2019-07-22,4.535,4.535,4.535,4.535,,-3.82%
2019-07-19,4.715,4.715,4.715,4.715,0.05K,0.53%
2019-07-18,4.69,4.69,4.69,4.69,,-1.47%
2019-07-17,4.76,4.76,4.76,4.76,,-3.45%
2019-07-16,4.93,4.93,4.93,4.93,,8.35%
2019-07-15,4.55,4.55,4.55,4.55,,0.11%
2019-07-12,4.545,4.545,4.545,4.545,,0.44%
2019-07-11,4.525,4.525,4.525,4.525,,0.22%
2019-07-10,4.515,4.515,4.515,4.515,,-0.11%
2019-07-09,4.52,4.52,4.52,4.52,,0.22%
2019-07-08,4.51,4.51,4.51,4.51,,0.00%
2019-07-05,4.51,4.51,4.51,4.51,,-1.53%
2019-07-03,4.58,4.58,4.58,4.58,,-0.43%
2019-07-02,4.6,4.6,4.6,4.6,,0.00%
2019-07-01,4.6,4.6,4.6,4.6,,-3.16%
2019-06-28,4.75,4.75,4.75,4.75,,0.96%
2019-06-27,4.705,4.705,4.705,4.705,,-1.98%
2019-06-26,4.8,4.8,4.8,4.8,,1.05%
2019-06-25,4.75,4.75,4.75,4.75,,-0.31%
2019-06-24,4.765,4.765,4.765,4.765,,3.70%
2019-06-21,4.595,4.595,4.595,4.595,,-0.43%
2019-06-20,4.615,4.615,4.615,4.615,,1.43%
2019-06-19,4.55,4.55,4.55,4.55,,-0.11%
2019-06-18,4.555,4.555,4.555,4.555,,-0.65%
2019-06-17,4.585,4.585,4.585,4.585,,1.78%
2019-06-14,4.505,4.505,4.505,4.505,,0.00%
2019-06-13,4.505,4.505,4.505,4.505,,0.00%
2019-06-12,4.505,4.505,4.505,4.505,,0.22%
2019-06-11,4.495,4.495,4.495,4.495,,0.45%
2019-06-10,4.475,4.475,4.475,4.475,,0.00%
2019-06-07,4.475,4.475,4.475,4.475,,0.00%
2019-06-06,4.475,4.475,4.475,4.475,,0.00%
2019-06-05,4.475,4.475,4.475,4.475,,-1.32%
2019-06-04,4.535,4.535,4.535,4.535,,-0.11%
2019-06-03,4.54,4.54,4.54,4.54,,-2.37%
2019-05-31,4.65,4.65,4.65,4.65,,1.09%
2019-05-30,4.6,4.6,4.6,4.6,,-2.54%
2019-05-29,4.72,4.72,4.72,4.72,,0.32%
2019-05-28,4.705,4.705,4.705,4.705,,-0.42%
2019-05-24,4.725,4.725,4.725,4.725,0.03K,0.00%
2019-05-23,4.725,4.725,4.725,4.725,,0.11%
2019-05-22,4.72,4.72,4.72,4.72,,-1.56%
2019-05-21,4.795,4.795,4.795,4.795,,-3.62%
2019-05-20,4.975,4.975,4.975,4.975,,0.91%
2019-05-17,4.93,4.93,4.93,4.93,,-5.28%
2019-05-16,5.205,5.205,5.205,5.205,,-5.54%
2019-05-15,5.51,5.51,5.51,5.51,,-0.09%
2019-05-14,5.515,5.515,5.515,5.515,,-0.18%
2019-05-13,5.525,5.525,5.525,5.525,,-0.27%
2019-05-10,5.54,5.54,5.54,5.54,,-0.45%
2019-05-09,5.565,5.565,5.565,5.565,,0.36%
2019-05-08,5.545,5.545,5.545,5.545,,-0.27%
2019-05-07,5.56,5.56,5.56,5.56,,-0.98%
2019-05-06,5.615,5.615,5.615,5.615,,-0.09%
2019-05-03,5.62,5.62,5.62,5.62,,0.81%
2019-05-02,5.575,5.575,5.575,5.575,0.53K,1.36%
2019-05-01,5.5,5.5,5.5,5.5,,-0.90%
2019-04-30,5.55,5.55,5.55,5.55,,0.73%
2019-04-29,5.51,5.51,5.51,5.51,,0.92%
2019-04-26,5.46,5.46,5.46,5.46,,1.11%
2019-04-25,5.4,5.4,5.4,5.4,,1.31%
2019-04-24,5.33,5.33,5.33,5.33,,0.00%
2019-04-23,5.33,5.33,5.33,5.33,,-1.66%
2019-04-22,5.42,5.42,5.42,5.42,,0.00%
2019-04-18,5.42,5.42,5.42,5.42,,-3.64%
2019-04-17,5.625,5.625,5.625,5.625,,-1.57%
2019-04-16,5.715,5.715,5.715,5.715,,19.69%
2019-04-15,4.775,4.775,4.775,4.775,,0.00%
2019-04-12,4.775,4.775,4.775,4.775,,0.95%
2019-04-11,4.73,4.73,4.73,4.73,,0.53%
2019-04-10,4.705,4.705,4.705,4.705,,1.73%
2019-04-09,4.625,4.625,4.625,4.625,,0.54%
2019-04-08,4.6,4.6,4.6,4.6,,-1.08%
2019-04-05,4.65,4.65,4.65,4.65,,1.09%
2019-04-04,4.6,4.6,4.6,4.6,,0.44%
2019-04-03,4.58,4.58,4.58,4.58,,0.00%
2019-04-02,4.58,4.58,4.58,4.58,,0.00%
2019-04-01,4.58,4.58,4.58,4.58,,-0.43%
2019-03-29,4.6,4.6,4.6,4.6,,0.11%
2019-03-28,4.595,4.595,4.595,4.595,,-0.11%
2019-03-27,4.6,4.6,4.6,4.6,,0.00%
2019-03-26,4.6,4.6,4.6,4.6,,0.00%
2019-03-25,4.6,4.6,4.6,4.6,,-0.43%
2019-03-22,4.62,4.62,4.62,4.62,,-2.33%
2019-03-21,4.73,4.73,4.73,4.73,,-4.44%
2019-03-20,4.95,4.95,4.95,4.95,0.03K,-1.00%
2019-03-19,5.0,5.0,5.0,5.0,,-3.01%
2019-03-18,5.155,5.155,5.155,5.155,,-13.29%
2019-03-15,5.945,5.945,5.945,5.945,,0.00%
2019-03-14,5.945,5.945,5.945,5.945,,-0.17%
2019-03-13,5.955,5.955,5.955,5.955,,-0.33%
2019-03-12,5.975,5.975,5.975,5.975,,0.00%
2019-03-11,5.975,5.975,5.975,5.975,,-0.17%
2019-03-08,5.985,5.985,5.985,5.985,,-0.25%
2019-03-07,6.0,6.0,6.0,6.0,,-0.58%
2019-03-06,6.035,6.035,6.035,6.035,,-0.17%
2019-03-05,6.045,6.045,6.045,6.045,,-0.33%
2019-03-04,6.065,6.065,6.065,6.065,,-0.90%
2019-03-01,6.12,6.12,6.12,6.12,,-0.08%
2019-02-28,6.125,6.125,6.125,6.125,,-0.41%
2019-02-27,6.15,6.15,6.15,6.15,,-0.08%
2019-02-26,6.155,6.155,6.155,6.155,,0.00%
2019-02-25,6.155,6.155,6.155,6.155,,-1.20%
2019-02-22,6.23,6.23,6.23,6.23,,-0.32%
2019-02-21,6.25,6.25,6.25,6.25,,-3.10%
2019-02-20,6.45,6.45,6.45,6.45,,-0.69%
2019-02-19,6.495,6.495,6.495,6.495,,-10.78%
2019-02-15,7.28,7.28,7.28,7.28,,0.00%
2019-02-14,7.28,7.28,7.28,7.28,,0.00%
2019-02-13,7.28,7.28,7.28,7.28,,-0.21%
2019-02-12,7.295,7.295,7.295,7.295,,0.00%
2019-02-11,7.295,7.295,7.295,7.295,,-0.21%
2019-02-08,7.31,7.31,7.31,7.31,,0.00%
2019-02-07,7.31,7.31,7.31,7.31,,0.14%
2019-02-06,7.3,7.3,7.3,7.3,,0.00%
2019-02-05,7.3,7.3,7.3,7.3,,0.00%
2019-02-04,7.3,7.3,7.3,7.3,,1.39%
2019-02-01,7.2,7.2,7.2,7.2,,-2.04%
2019-01-31,7.35,7.35,7.35,7.35,,-0.20%
2019-01-30,7.365,7.365,7.365,7.365,,-1.87%
2019-01-29,7.505,7.505,7.505,7.505,,-2.47%
2019-01-28,7.695,7.695,7.695,7.695,,-1.28%
2019-01-25,7.795,7.795,7.795,7.795,,-2.87%
2019-01-24,8.025,8.025,8.025,8.025,,-1.53%
2019-01-23,8.15,8.15,8.15,8.15,,0.06%
2019-01-22,8.145,8.145,8.145,8.145,,-2.46%
2019-01-18,8.35,8.35,8.35,8.35,,0.54%
2019-01-17,8.305,8.305,8.305,8.305,,2.85%
2019-01-16,8.075,8.075,8.075,8.075,,-8.08%
2019-01-15,8.785,8.785,8.785,8.785,,-0.06%
2019-01-14,8.79,8.79,8.79,8.79,,0.00%
2019-01-11,8.79,8.79,8.79,8.79,,-0.06%
2019-01-10,8.795,8.795,8.795,8.795,,0.80%
2019-01-09,8.725,8.725,8.725,8.725,,-1.08%
2019-01-08,8.82,8.82,8.82,8.82,,-0.11%
2019-01-07,8.83,8.83,8.83,8.83,,-0.62%
2019-01-04,8.885,8.885,8.885,8.885,,-0.67%
2019-01-03,8.945,8.945,8.945,8.945,,-0.28%
2019-01-02,8.97,8.97,8.97,8.97,,-0.28%
2018-12-31,8.995,8.995,8.995,8.995,,-0.33%
2018-12-28,9.025,9.025,9.025,9.025,,-0.06%
2018-12-27,9.03,9.03,9.03,9.03,,-0.71%
2018-12-26,9.095,9.095,9.095,9.095,,-0.05%
2018-12-24,9.1,9.1,9.1,9.1,,0.00%
2018-12-21,9.1,9.1,9.1,9.1,,-0.27%
2018-12-20,9.125,9.125,9.125,9.125,,-1.83%
2018-12-19,9.295,9.295,9.295,9.295,,0.43%
2018-12-18,9.255,9.255,9.255,9.255,,-3.59%
2018-12-17,9.6,9.6,9.6,9.6,,1.05%
2018-12-14,9.5,9.5,9.5,9.5,,0.05%
2018-12-13,9.495,9.495,9.495,9.495,,0.00%
2018-12-12,9.495,9.495,9.495,9.495,,0.00%
2018-12-11,9.495,9.495,9.495,9.495,,-0.05%
2018-12-10,9.5,9.5,9.5,9.5,,-0.21%
2018-12-07,9.52,9.52,9.52,9.52,,-0.16%
2018-12-06,9.535,9.535,9.535,9.535,,-1.40%
2018-12-05,9.67,9.67,9.67,9.67,,-0.82%
2018-12-04,9.75,9.75,9.75,9.75,,-0.56%
2018-12-03,9.805,9.805,9.805,9.805,,0.00%
2018-11-30,9.805,9.805,9.805,9.805,,-0.81%
2018-11-29,9.885,9.885,9.885,9.885,,-0.05%
2018-11-28,9.89,9.89,9.89,9.89,,-0.90%
2018-11-27,9.98,9.98,9.98,9.98,,-1.82%
2018-11-26,10.165,10.165,10.165,10.165,,-1.79%
2018-11-23,10.35,10.35,10.35,10.35,,2.17%
2018-11-21,10.13,10.13,10.13,10.13,0.03K,-0.69%
2018-11-20,10.2,10.2,10.2,10.2,,-1.92%
2018-11-19,10.4,10.4,10.4,10.4,,-3.44%
2018-11-16,10.77,10.77,10.77,10.77,,2.77%
2018-11-15,10.48,10.48,10.48,10.48,,-0.05%
2018-11-14,10.485,10.485,10.485,10.485,,-0.05%
2018-11-13,10.49,10.49,10.49,10.49,,0.00%
2018-11-12,10.49,10.49,10.49,10.49,,0.05%
2018-11-09,10.485,10.485,10.485,10.485,,-0.14%
2018-11-08,10.5,10.5,10.5,10.5,,-0.05%
2018-11-07,10.505,10.505,10.505,10.505,,-0.52%
2018-11-06,10.56,10.56,10.56,10.56,,0.00%
2018-11-05,10.56,10.56,10.56,10.56,,-0.05%
2018-11-02,10.565,10.565,10.565,10.565,,1.25%
2018-11-01,10.435,10.435,10.435,10.435,,-0.38%
2018-10-31,10.475,10.475,10.475,10.475,,-0.95%
2018-10-30,10.575,10.575,10.575,10.575,,-0.05%
2018-10-29,10.58,10.58,10.58,10.58,,-0.19%
2018-10-26,10.6,10.6,10.6,10.6,,2.17%
2018-10-25,10.375,10.375,10.375,10.375,,-0.19%
2018-10-24,10.395,10.395,10.395,10.395,,-1.70%
2018-10-23,10.575,10.575,10.575,10.575,,-2.58%
2018-10-22,10.855,10.855,10.855,10.855,,-0.60%
2018-10-19,10.92,10.92,10.92,10.92,,1.77%
2018-10-18,10.73,10.73,10.73,10.73,0.30K,0.75%
2018-10-17,10.65,10.65,10.65,10.65,,-1.34%
2018-10-16,10.795,10.795,10.795,10.795,,-2.88%
2018-10-15,11.115,11.115,11.115,11.115,,-0.04%
2018-10-12,11.12,11.12,11.12,11.12,,-0.36%
2018-10-11,11.16,11.16,11.16,11.16,,-0.45%
2018-10-10,11.21,11.21,11.21,11.21,,0.04%
2018-10-09,11.205,11.205,11.205,11.205,,0.90%
2018-10-08,11.105,11.105,11.105,11.105,,-1.42%
2018-10-05,11.265,11.265,11.265,11.265,,-0.27%
2018-10-04,11.295,11.295,11.295,11.295,,-0.26%
2018-10-03,11.325,11.325,11.325,11.325,,0.22%
2018-10-02,11.3,11.3,11.3,11.3,,-0.31%
2018-10-01,11.335,11.335,11.335,11.335,,-0.26%
2018-09-28,11.365,11.365,11.365,11.365,,-0.96%
2018-09-27,11.475,11.475,11.475,11.475,,-0.65%
2018-09-26,11.55,11.55,11.55,11.55,,0.04%
2018-09-25,11.545,11.545,11.545,11.545,,-0.43%
2018-09-24,11.595,11.595,11.595,11.595,,0.00%
2018-09-21,11.595,11.595,11.595,11.595,,-0.09%
2018-09-20,11.605,11.605,11.605,11.605,,0.04%
2018-09-19,11.6,11.6,11.6,11.6,,0.43%
2018-09-18,11.55,11.55,11.55,11.55,,-2.16%
2018-09-17,11.805,11.805,11.805,11.805,,3.06%
2018-09-14,11.455,11.455,11.455,11.455,,-0.09%
2018-09-13,11.465,11.465,11.465,11.465,,-0.09%
2018-09-12,11.475,11.475,11.475,11.475,,-0.22%
2018-09-11,11.5,11.5,11.5,11.5,,-0.09%
2018-09-10,11.51,11.51,11.51,11.51,,-0.09%
2018-09-07,11.52,11.52,11.52,11.52,,0.00%
2018-09-06,11.52,11.52,11.52,11.52,,-0.09%
2018-09-05,11.53,11.53,11.53,11.53,,-0.65%
2018-09-04,11.605,11.605,11.605,11.605,,-0.09%
2018-08-31,11.615,11.615,11.615,11.615,,-0.39%
2018-08-30,11.66,11.66,11.66,11.66,,-0.13%
2018-08-29,11.675,11.675,11.675,11.675,,0.86%
2018-08-28,11.575,11.575,11.575,11.575,,-0.04%
2018-08-27,11.58,11.58,11.58,11.58,,-0.04%
2018-08-24,11.585,11.585,11.585,11.585,0.01K,0.70%
2018-08-23,11.505,11.505,11.505,11.505,,0.92%
2018-08-22,11.4,11.4,11.4,11.4,,0.22%
2018-08-21,11.375,11.375,11.375,11.375,,-0.22%
2018-08-20,11.4,11.4,11.4,11.4,,1.11%
2018-08-17,11.275,11.275,11.275,11.275,0.72K,1.99%
2018-08-16,11.055,11.055,11.055,11.055,0.23K,12.01%
2018-08-15,9.87,9.87,9.87,9.87,,0.05%
2018-08-14,9.865,9.865,9.865,9.865,,0.05%
2018-08-13,9.86,9.86,9.86,9.86,,0.31%
2018-08-10,9.83,9.83,9.83,9.83,,0.05%
2018-08-09,9.825,9.825,9.825,9.825,,0.00%
2018-08-08,9.825,9.825,9.825,9.825,,0.10%
2018-08-07,9.815,9.815,9.815,9.815,,0.05%
2018-08-06,9.81,9.81,9.81,9.81,,0.00%
2018-08-03,9.81,9.81,9.81,9.81,,0.10%
2018-08-02,9.8,9.8,9.8,9.8,,0.41%
2018-08-01,9.76,9.76,9.76,9.76,,-0.36%
2018-07-31,9.795,9.795,9.795,9.795,,-0.05%
2018-07-30,9.8,9.8,9.8,9.8,,1.40%
2018-07-27,9.665,9.665,9.665,9.665,,0.00%
2018-07-26,9.665,9.665,9.665,9.665,,-0.36%
2018-07-25,9.7,9.7,9.7,9.7,,0.10%
2018-07-24,9.69,9.69,9.69,9.69,,0.21%
2018-07-23,9.67,9.67,9.67,9.67,,0.99%
2018-07-20,9.575,9.575,9.575,9.575,,1.81%
2018-07-19,9.405,9.405,9.405,9.405,,-1.47%
2018-07-18,9.545,9.545,9.545,9.545,,1.01%
2018-07-17,9.45,9.45,9.45,9.45,,0.48%
2018-07-16,9.405,9.405,9.405,9.405,,-10.04%
2018-07-13,10.455,10.455,10.455,10.455,,-0.14%
2018-07-12,10.47,10.47,10.47,10.47,,-0.10%
2018-07-11,10.48,10.48,10.48,10.48,,-0.29%
2018-07-10,10.51,10.51,10.51,10.51,,-0.19%
2018-07-09,10.53,10.53,10.53,10.53,,0.00%
2018-07-06,10.53,10.53,10.53,10.53,,0.00%
2018-07-05,10.53,10.53,10.53,10.53,,0.19%
2018-07-03,10.51,10.51,10.51,10.51,,-0.61%
2018-07-02,10.575,10.575,10.575,10.575,,-0.28%
2018-06-29,10.605,10.605,10.605,10.605,,1.00%
2018-06-28,10.5,10.5,10.5,10.5,,0.00%
2018-06-27,10.5,10.5,10.5,10.5,,3.19%
2018-06-26,10.175,10.175,10.175,10.175,,-0.29%
2018-06-25,10.205,10.205,10.205,10.205,,-4.22%
2018-06-22,10.655,10.655,10.655,10.655,,-2.34%
2018-06-21,10.91,10.91,10.91,10.91,,-0.37%
2018-06-20,10.95,10.95,10.95,10.95,,-0.05%
2018-06-19,10.955,10.955,10.955,10.955,0.02K,-1.75%
2018-06-18,11.15,11.15,11.15,11.15,,15.96%
2018-06-15,9.615,9.615,9.615,9.615,,0.00%
2018-06-14,9.615,9.615,9.615,9.615,,0.47%
2018-06-13,9.57,9.57,9.57,9.57,,0.31%
2018-06-12,9.54,9.54,9.54,9.54,,0.10%
2018-06-11,9.53,9.53,9.53,9.53,,0.21%
2018-06-08,9.51,9.51,9.51,9.51,,0.11%
2018-06-07,9.5,9.5,9.5,9.5,,0.58%
2018-06-06,9.445,9.445,9.445,9.445,,-0.16%
2018-06-05,9.46,9.46,9.46,9.46,,0.48%
2018-06-04,9.415,9.415,9.415,9.415,,0.48%
2018-06-01,9.37,9.37,9.37,9.37,,0.48%
2018-05-31,9.325,9.325,9.325,9.325,,0.00%
2018-05-30,9.325,9.325,9.325,9.325,,0.00%
2018-05-29,9.325,9.325,9.325,9.325,,0.38%
2018-05-25,9.29,9.29,9.29,9.29,,-0.11%
2018-05-24,9.3,9.3,9.3,9.3,,-0.27%
2018-05-23,9.325,9.325,9.325,9.325,,-1.79%
2018-05-22,9.495,9.495,9.495,9.495,,2.59%
2018-05-21,9.255,9.255,9.255,9.255,,1.65%
2018-05-18,9.105,9.105,9.105,9.105,,2.59%
2018-05-17,8.875,8.875,8.875,8.875,,3.20%
2018-05-16,8.6,8.6,8.6,8.6,,7.90%
2018-05-15,7.97,7.97,7.97,7.97,,0.00%
2018-05-14,7.97,7.97,7.97,7.97,,0.00%
2018-05-11,7.97,7.97,7.97,7.97,,0.25%
2018-05-10,7.95,7.95,7.95,7.95,,0.00%
2018-05-09,7.95,7.95,7.95,7.95,,0.13%
2018-05-08,7.94,7.94,7.94,7.94,,0.00%
2018-05-07,7.94,7.94,7.94,7.94,,0.00%
2018-05-04,7.94,7.94,7.94,7.94,,0.00%
2018-05-03,7.94,7.94,7.94,7.94,,-0.50%
2018-05-02,7.98,7.98,7.98,7.98,,0.00%
2018-05-01,7.98,7.98,7.98,7.98,,0.00%
2018-04-30,7.98,7.98,7.98,7.98,,0.31%
2018-04-27,7.955,7.955,7.955,7.955,,0.70%
2018-04-26,7.9,7.9,7.9,7.9,,0.00%
2018-04-25,7.9,7.9,7.9,7.9,,-1.25%
2018-04-24,8.0,8.0,8.0,8.0,0.05K,3.63%
2018-04-23,7.72,7.72,7.72,7.72,,-0.06%
2018-04-20,7.725,7.725,7.725,7.725,,-0.32%
2018-04-19,7.75,7.75,7.75,7.75,0.15K,0.85%
2018-04-18,7.685,7.685,7.685,7.685,,0.79%
2018-04-17,7.625,7.625,7.625,7.625,,0.33%
2018-04-16,7.6,7.6,7.6,7.6,0.05K,5.85%
2018-04-13,7.18,7.18,7.18,7.18,,0.07%
2018-04-12,7.175,7.175,7.175,7.175,,0.00%
2018-04-11,7.175,7.175,7.175,7.175,,0.00%
2018-04-10,7.175,7.175,7.175,7.175,,0.28%
2018-04-09,7.155,7.155,7.155,7.155,,-0.62%
2018-04-06,7.2,7.2,7.2,7.2,,0.63%
2018-04-05,7.155,7.155,7.155,7.155,,0.14%
2018-04-04,7.145,7.145,7.145,7.145,,0.00%
2018-04-03,7.145,7.145,7.145,7.145,,-0.56%
2018-04-02,7.185,7.185,7.185,7.185,,-0.35%
2018-03-29,7.21,7.21,7.21,7.21,,-0.14%
2018-03-28,7.22,7.22,7.22,7.22,,-0.07%
2018-03-27,7.225,7.225,7.225,7.225,,0.98%
2018-03-26,7.155,7.155,7.155,7.155,,0.00%
2018-03-23,7.155,7.155,7.155,7.155,,-1.11%
2018-03-22,7.235,7.235,7.235,7.235,,-0.89%
2018-03-21,7.3,7.3,7.3,7.3,,-1.75%
2018-03-20,7.43,7.43,7.43,7.43,,-1.00%
2018-03-19,7.505,7.505,7.505,7.505,,0.33%
2018-03-16,7.48,7.48,7.48,7.48,,-10.90%
2018-03-15,8.395,8.395,8.395,8.395,,-0.12%
2018-03-14,8.405,8.405,8.405,8.405,,-0.24%
2018-03-13,8.425,8.425,8.425,8.425,,-0.41%
2018-03-12,8.46,8.46,8.46,8.46,,0.00%
2018-03-09,8.46,8.46,8.46,8.46,,0.00%
2018-03-08,8.46,8.46,8.46,8.46,,0.12%
2018-03-07,8.45,8.45,8.45,8.45,,-0.53%
2018-03-06,8.495,8.495,8.495,8.495,,-0.12%
2018-03-05,8.505,8.505,8.505,8.505,,1.61%
2018-03-02,8.37,8.37,8.37,8.37,,0.24%
2018-03-01,8.35,8.35,8.35,8.35,,0.00%
2018-02-28,8.35,8.35,8.35,8.35,,-0.89%
2018-02-27,8.425,8.425,8.425,8.425,,1.87%
2018-02-26,8.27,8.27,8.27,8.27,,-0.30%
2018-02-23,8.295,8.295,8.295,8.295,,0.00%
2018-02-22,8.295,8.295,8.295,8.295,,-0.06%
2018-02-21,8.3,8.3,8.3,8.3,,0.79%
2018-02-20,8.235,8.235,8.235,8.235,,2.94%
2018-02-16,8.0,8.0,8.0,8.0,,-23.44%
2018-02-15,10.45,10.45,10.45,10.45,,0.00%
2018-02-14,10.45,10.45,10.45,10.45,,0.00%
2018-02-13,10.45,10.45,10.45,10.45,,-0.05%
2018-02-12,10.455,10.455,10.455,10.455,,-0.19%
2018-02-09,10.475,10.475,10.475,10.475,,0.00%
2018-02-08,10.475,10.475,10.475,10.475,,0.00%
2018-02-07,10.475,10.475,10.475,10.475,,0.00%
2018-02-06,10.475,10.475,10.475,10.475,,0.58%
2018-02-05,10.415,10.415,10.415,10.415,,0.68%
2018-02-02,10.345,10.345,10.345,10.345,,0.00%
2018-02-01,10.345,10.345,10.345,10.345,,0.00%
2018-01-31,10.345,10.345,10.345,10.345,,0.39%
2018-01-30,10.305,10.305,10.305,10.305,,1.18%
2018-01-29,10.185,10.185,10.185,10.185,,1.44%
2018-01-26,10.04,10.04,10.04,10.04,,1.01%
2018-01-25,9.94,9.94,9.94,9.94,,0.51%
2018-01-24,9.89,9.89,9.89,9.89,,-1.05%
2018-01-23,9.995,9.995,9.995,9.995,,-5.04%
2018-01-22,10.525,10.525,10.525,10.525,0.12K,-0.19%
2018-01-19,10.545,10.545,10.545,10.545,0.02K,0.00%
2018-01-18,10.545,10.545,10.545,10.545,,0.43%
2018-01-17,10.5,10.5,10.5,10.5,,0.48%
2018-01-16,10.45,10.45,10.45,10.45,,-6.95%
2018-01-12,11.23,11.23,11.23,11.23,,0.13%
2018-01-11,11.215,11.215,11.215,11.215,,0.27%
2018-01-10,11.185,11.185,11.185,11.185,,0.04%
2018-01-09,11.18,11.18,11.18,11.18,,0.09%
2018-01-08,11.17,11.17,11.17,11.17,,0.00%
2018-01-05,11.17,11.17,11.17,11.17,,0.00%
2018-01-04,11.17,11.17,11.17,11.17,,-0.04%
2018-01-03,11.175,11.175,11.175,11.175,,0.18%
2018-01-02,11.155,11.155,11.155,11.155,,-0.13%
2017-12-29,11.17,11.17,11.17,11.17,,0.31%
2017-12-28,11.135,11.135,11.135,11.135,,0.00%
2017-12-27,11.135,11.135,11.135,11.135,,0.81%
2017-12-26,11.045,11.045,11.045,11.045,,0.00%
2017-12-22,11.045,11.045,11.045,11.045,,0.00%
2017-12-21,11.045,11.045,11.045,11.045,0.03K,0.78%
2017-12-20,10.96,10.96,10.96,10.96,,1.06%
2017-12-19,10.845,10.845,10.845,10.845,,0.42%
2017-12-18,10.8,10.8,10.8,10.8,,8.38%
2017-12-15,9.965,9.965,9.965,9.965,,0.05%
2017-12-14,9.96,9.96,9.96,9.96,,0.30%
2017-12-13,9.93,9.93,9.93,9.93,,0.15%
2017-12-12,9.915,9.915,9.915,9.915,,0.15%
2017-12-11,9.9,9.9,9.9,9.9,,0.10%
2017-12-08,9.89,9.89,9.89,9.89,,0.00%
2017-12-07,9.89,9.89,9.89,9.89,,0.36%
2017-12-06,9.855,9.855,9.855,9.855,,0.15%
2017-12-05,9.84,9.84,9.84,9.84,,0.05%
2017-12-04,9.835,9.835,9.835,9.835,,0.20%
2017-12-01,9.815,9.815,9.815,9.815,,0.05%
2017-11-30,9.81,9.81,9.81,9.81,,-0.25%
2017-11-29,9.835,9.835,9.835,9.835,,0.31%
2017-11-28,9.805,9.805,9.805,9.805,,0.00%
2017-11-27,9.805,9.805,9.805,9.805,,0.36%
2017-11-24,9.77,9.77,9.77,9.77,,0.77%
2017-11-22,9.695,9.695,9.695,9.695,,0.00%
2017-11-21,9.695,9.695,9.695,9.695,,0.21%
2017-11-20,9.675,9.675,9.675,9.675,,0.00%
2017-11-17,9.675,9.675,9.675,9.675,,0.00%
2017-11-16,9.675,9.675,9.675,9.675,,5.33%
2017-11-15,9.185,9.185,9.185,9.185,,-0.05%
2017-11-14,9.19,9.19,9.19,9.19,,0.00%
2017-11-13,9.19,9.19,9.19,9.19,,0.11%
2017-11-10,9.18,9.18,9.18,9.18,,0.55%
2017-11-09,9.13,9.13,9.13,9.13,,0.00%
2017-11-08,9.13,9.13,9.13,9.13,,0.05%
2017-11-07,9.125,9.125,9.125,9.125,,0.00%
2017-11-06,9.125,9.125,9.125,9.125,,0.00%
2017-11-03,9.125,9.125,9.125,9.125,,0.00%
2017-11-02,9.125,9.125,9.125,9.125,,1.11%
2017-11-01,9.025,9.025,9.025,9.025,,0.00%
2017-10-31,9.025,9.025,9.025,9.025,,0.33%
2017-10-30,8.995,8.995,8.995,8.995,,0.00%
2017-10-27,8.995,8.995,8.995,8.995,,1.64%
2017-10-26,8.85,8.85,8.85,8.85,,0.74%
2017-10-25,8.785,8.785,8.785,8.785,,-0.40%
2017-10-24,8.82,8.82,8.82,8.82,,0.00%
2017-10-23,8.82,8.82,8.82,8.82,,-0.45%
