"Date, Open, High, Low, Close, Volume"
"Oct-23-2017,18.09,18.09,18.09,18.09,0"
"Oct-24-2017,17.96,17.96,17.96,17.96,0"
"Oct-25-2017,18.11,18.11,18.11,18.11,0"
"Oct-26-2017,18.07,18.07,18.07,18.07,0"
"Oct-27-2017,18.15,18.15,18.15,18.15,0"
"Oct-30-2017,18.11,18.11,18.11,18.11,0"
"Oct-31-2017,18.29,18.29,18.29,18.29,0"
"Nov-1-2017,18.55,18.55,18.55,18.55,0"
"Nov-2-2017,18.58,18.58,18.58,18.58,0"
"Nov-3-2017,18.31,18.31,18.31,18.31,0"
"Nov-6-2017,19.01,19.01,19.01,19.01,0"
"Nov-7-2017,19.33,19.33,19.33,19.33,0"
"Nov-8-2017,19.38,19.38,19.38,19.38,0"
"Nov-9-2017,19.52,19.52,19.52,19.52,0"
"Nov-10-2017,19.82,19.82,19.82,19.82,0"
"Nov-13-2017,19.91,19.91,19.91,19.91,0"
"Nov-14-2017,19.34,19.34,19.34,19.34,0"
"Nov-15-2017,19.02,19.02,19.02,19.02,0"
"Nov-16-2017,19.20,19.20,19.20,19.20,0"
"Nov-17-2017,18.95,18.95,18.95,18.95,0"
"Nov-20-2017,19.50,19.50,19.50,19.50,0"
"Nov-21-2017,19.84,19.84,19.84,19.84,0"
"Nov-22-2017,19.70,19.70,19.70,19.70,0"
"Nov-24-2017,20.46,20.46,20.46,20.46,0"
"Nov-27-2017,20.68,20.68,20.68,20.68,0"
"Nov-28-2017,20.28,20.28,20.28,20.28,0"
"Nov-29-2017,20.35,20.35,20.35,20.35,0"
"Nov-30-2017,20.31,20.31,20.31,20.31,0"
"Dec-1-2017,20.79,20.79,20.79,20.79,0"
"Dec-4-2017,21.38,21.38,21.38,21.38,0"
"Dec-5-2017,21.41,21.41,21.41,21.41,0"
"Dec-6-2017,21.17,21.17,21.17,21.17,0"
"Dec-7-2017,21.27,21.27,21.27,21.27,0"
"Dec-8-2017,20.89,20.89,20.89,20.89,0"
"Dec-11-2017,21.14,21.14,21.14,21.14,0"
"Dec-12-2017,21.73,21.73,21.73,21.73,0"
"Dec-13-2017,20.68,20.68,20.68,20.68,0"
"Dec-14-2017,21.03,21.03,21.03,21.03,0"
"Dec-15-2017,21.01,21.01,21.01,21.01,0"
"Dec-18-2017,20.46,20.46,20.46,20.46,0"
"Dec-19-2017,19.95,19.95,19.95,19.95,0"
"Dec-20-2017,20.30,20.30,20.30,20.30,0"
"Dec-21-2017,20.00,20.00,20.00,20.00,0"
"Dec-22-2017,19.67,19.67,19.67,19.67,0"
"Dec-26-2017,19.67,19.67,19.67,19.67,0"
"Dec-27-2017,19.19,19.19,19.19,19.19,0"
"Dec-28-2017,19.71,19.71,19.71,19.71,0"
"Dec-29-2017,19.62,19.62,19.62,19.62,0"
"Jan-2-2018,19.32,19.32,19.32,19.32,0"
"Jan-3-2018,19.33,19.33,19.33,19.33,0"
"Jan-4-2018,19.20,19.20,19.20,19.20,0"
"Jan-5-2018,18.92,18.92,18.92,18.92,0"
"Jan-8-2018,19.05,19.05,19.05,19.05,0"
"Jan-9-2018,19.44,19.44,19.44,19.44,0"
"Jan-10-2018,19.33,19.33,19.33,19.33,0"
"Jan-11-2018,19.32,19.32,19.32,19.32,0"
"Jan-12-2018,19.81,19.81,19.81,19.81,0"
"Jan-16-2018,18.90,18.90,18.90,18.90,0"
"Jan-17-2018,18.44,18.44,18.44,18.44,0"
"Jan-18-2018,18.35,18.35,18.35,18.35,0"
"Jan-19-2018,18.19,18.19,18.19,18.19,0"
"Jan-22-2018,18.55,18.55,18.55,18.55,0"
"Jan-23-2018,18.20,18.20,18.20,18.20,0"
"Jan-24-2018,17.79,17.79,17.79,17.79,0"
"Jan-25-2018,17.78,17.78,17.78,17.78,0"
"Jan-26-2018,17.78,17.78,17.78,17.78,0"
"Jan-29-2018,17.40,17.40,17.40,17.40,0"
"Jan-30-2018,17.41,17.41,17.41,17.41,0"
"Jan-31-2018,17.88,17.88,17.88,17.88,0"
"Feb-1-2018,18.15,18.15,18.15,18.15,0"
"Feb-2-2018,18.16,18.16,18.16,18.16,0"
"Feb-5-2018,17.59,17.59,17.59,17.59,0"
"Feb-6-2018,17.88,17.88,17.88,17.88,0"
"Feb-7-2018,18.16,18.16,18.16,18.16,0"
"Feb-8-2018,17.74,17.74,17.74,17.74,0"
"Feb-9-2018,17.90,17.90,17.90,17.90,0"
"Feb-12-2018,17.95,17.95,17.95,17.95,0"
"Feb-13-2018,18.31,18.31,18.31,18.31,0"
"Feb-14-2018,18.08,18.08,18.08,18.08,0"
"Feb-15-2018,17.79,17.79,17.79,17.79,0"
"Feb-16-2018,18.17,18.17,18.17,18.17,0"
"Feb-20-2018,19.77,19.77,19.77,19.77,0"
"Feb-21-2018,19.78,19.78,19.78,19.78,0"
"Feb-22-2018,19.94,19.94,19.94,19.94,0"
"Feb-23-2018,20.41,20.41,20.41,20.41,0"
"Feb-26-2018,18.69,18.69,18.69,18.69,0"
"Feb-27-2018,19.20,19.20,19.20,19.20,0"
"Feb-28-2018,17.35,17.35,17.35,17.35,0"
"Mar-1-2018,17.56,17.56,17.56,17.56,50"
"Mar-2-2018,17.81,17.81,17.81,17.81,0"
"Mar-5-2018,17.52,17.52,17.52,17.52,0"
"Mar-6-2018,17.70,17.70,17.70,17.70,0"
"Mar-7-2018,17.83,17.83,17.83,17.83,0"
"Mar-8-2018,18.32,18.32,18.32,18.32,0"
"Mar-9-2018,18.94,18.94,18.94,18.94,40"
"Mar-12-2018,19.71,19.71,19.71,19.71,50"
"Mar-13-2018,19.47,19.47,19.47,19.47,0"
"Mar-14-2018,18.62,18.62,18.62,18.62,0"
"Mar-15-2018,18.80,18.80,18.80,18.80,10"
"Mar-16-2018,18.66,18.66,18.66,18.66,25"
"Mar-19-2018,18.70,18.70,18.70,18.70,0"
"Mar-20-2018,19.18,19.18,19.18,19.18,0"
"Mar-21-2018,19.39,19.39,19.39,19.39,5"
"Mar-22-2018,19.01,19.01,19.01,19.01,0"
"Mar-23-2018,18.45,18.45,18.45,18.45,0"
"Mar-26-2018,17.99,17.99,17.99,17.99,0"
"Mar-27-2018,18.50,18.50,18.50,18.50,0"
"Mar-28-2018,18.37,18.37,18.37,18.37,0"
"Mar-29-2018,18.23,18.23,18.23,18.23,0"
"Apr-2-2018,18.23,18.23,18.23,18.23,0"
"Apr-3-2018,18.04,18.04,18.04,18.04,0"
"Apr-4-2018,18.19,18.19,18.19,18.19,0"
"Apr-5-2018,18.13,18.13,18.13,18.13,0"
"Apr-6-2018,18.18,18.18,18.18,18.18,0"
"Apr-9-2018,18.65,18.65,18.65,18.65,0"
"Apr-10-2018,18.84,18.84,18.84,18.84,0"
"Apr-11-2018,19.26,19.26,19.26,19.26,0"
"Apr-12-2018,19.22,19.22,19.22,19.22,0"
"Apr-13-2018,19.57,19.57,19.57,19.57,0"
"Apr-16-2018,19.35,19.35,19.35,19.35,0"
"Apr-17-2018,19.02,19.02,19.02,19.02,0"
"Apr-18-2018,19.31,19.31,19.31,19.31,0"
"Apr-19-2018,19.52,19.52,19.52,19.86,20"
"Apr-20-2018,19.84,19.84,19.84,19.80,10"
"Apr-23-2018,19.89,19.89,19.89,19.89,0"
"Apr-24-2018,19.64,19.64,19.63,19.68,20"
"Apr-25-2018,19.55,19.56,19.55,19.88,20"
"Apr-26-2018,20.15,20.15,20.15,20.15,0"
"Apr-27-2018,20.27,20.27,20.27,20.27,0"
"Apr-30-2018,20.56,20.56,20.56,20.56,0"
"May-1-2018,20.10,20.10,20.10,20.10,0"
"May-2-2018,19.87,19.87,19.87,19.87,0"
"May-3-2018,19.95,19.95,19.95,19.95,0"
"May-4-2018,20.42,20.42,20.42,20.42,0"
"May-7-2018,20.42,20.42,20.42,20.42,0"
"May-8-2018,20.60,20.60,20.60,20.60,0"
"May-9-2018,21.14,21.14,20.84,20.85,20"
"May-10-2018,21.01,21.01,21.01,21.01,0"
"May-11-2018,21.27,21.27,21.27,21.27,10"
"May-14-2018,21.63,21.63,21.63,21.63,0"
"May-15-2018,21.54,21.54,21.54,21.54,30"
"May-16-2018,21.40,21.40,21.40,21.67,10"
"May-17-2018,22.30,22.30,22.30,22.30,0"
"May-18-2018,22.06,22.06,22.06,22.06,0"
"May-21-2018,22.38,22.38,22.38,22.38,0"
"May-22-2018,22.91,22.91,22.91,22.91,0"
"May-23-2018,22.72,22.72,22.72,22.72,0"
"May-24-2018,22.70,22.70,22.70,22.70,0"
"May-25-2018,22.26,22.26,22.13,21.81,20"
"May-29-2018,22.66,22.66,22.66,22.66,0"
"May-30-2018,22.99,22.99,22.99,22.99,0"
"May-31-2018,22.58,22.58,22.58,22.58,0"
"Jun-1-2018,21.78,21.78,21.78,21.78,0"
"Jun-4-2018,21.91,21.91,21.91,21.91,0"
"Jun-5-2018,21.43,21.43,21.43,21.43,0"
"Jun-6-2018,21.32,21.32,21.32,21.32,0"
"Jun-7-2018,21.67,21.67,21.67,21.67,0"
"Jun-8-2018,21.54,21.54,21.54,21.54,0"
"Jun-11-2018,21.35,21.35,21.35,21.35,0"
"Jun-12-2018,21.79,21.79,21.79,21.79,0"
"Jun-13-2018,22.38,22.38,22.38,22.38,0"
"Jun-14-2018,22.36,22.36,22.36,22.36,0"
"Jun-15-2018,21.75,21.75,21.75,21.75,0"
"Jun-18-2018,22.14,22.14,22.14,22.14,0"
"Jun-19-2018,21.70,21.70,21.70,21.70,1"
"Jun-20-2018,21.50,21.50,21.50,21.50,1"
"Jun-21-2018,21.55,21.55,21.55,21.55,0"
"Jun-22-2018,21.66,21.66,21.66,21.66,10"
"Jun-25-2018,21.63,21.63,21.63,21.55,10"
"Jun-26-2018,21.50,21.50,21.50,21.50,20"
"Jun-27-2018,22.04,22.04,22.04,22.04,0"
"Jun-28-2018,21.96,21.96,21.96,21.96,0"
"Jun-29-2018,21.88,21.88,21.88,21.88,0"
"Jul-2-2018,22.24,22.24,22.24,22.24,0"
"Jul-3-2018,22.26,22.26,22.26,22.26,0"
"Jul-5-2018,22.47,22.47,22.47,22.47,0"
"Jul-6-2018,22.36,22.36,22.36,22.36,0"
"Jul-9-2018,22.73,22.73,22.73,22.73,0"
"Jul-10-2018,22.73,22.73,22.73,22.73,0"
"Jul-11-2018,22.58,22.58,22.58,22.58,0"
"Jul-12-2018,21.97,21.97,21.97,21.97,0"
"Jul-13-2018,22.27,22.27,22.27,22.27,0"
"Jul-16-2018,22.02,22.02,22.02,22.02,0"
"Jul-17-2018,21.85,21.85,21.85,21.85,0"
"Jul-18-2018,22.14,22.14,22.14,22.14,0"
"Jul-19-2018,22.30,22.30,22.30,22.16,10"
"Jul-20-2018,21.88,21.88,21.88,21.88,0"
"Jul-23-2018,22.03,22.03,22.03,22.03,0"
"Jul-24-2018,22.10,22.10,22.10,22.10,0"
"Jul-25-2018,22.17,22.17,22.17,22.17,0"
"Jul-26-2018,22.12,22.12,22.12,22.12,0"
"Jul-27-2018,21.89,21.89,21.89,21.89,0"
"Jul-30-2018,22.06,22.06,22.06,22.06,0"
"Jul-31-2018,22.12,22.12,22.12,22.12,10"
"Aug-1-2018,21.93,21.93,21.93,21.93,0"
"Aug-2-2018,22.00,22.00,22.00,21.94,5"
"Aug-3-2018,22.26,22.26,22.26,22.26,0"
"Aug-6-2018,22.50,22.50,22.50,22.50,0"
"Aug-7-2018,22.80,22.80,22.78,22.61,10"
"Aug-8-2018,22.68,22.68,22.65,22.60,15"
"Aug-9-2018,22.78,22.80,22.78,22.72,10"
"Aug-10-2018,22.63,22.63,22.60,22.88,15"
"Aug-13-2018,23.50,23.50,23.50,23.50,0"
"Aug-14-2018,23.78,23.78,23.78,23.73,5"
"Aug-15-2018,23.53,23.53,23.47,23.52,20"
"Aug-16-2018,23.88,23.88,23.85,23.84,50"
"Aug-17-2018,24.16,24.19,24.16,24.16,10"
"Aug-20-2018,23.92,24.18,23.82,24.18,20"
"Aug-21-2018,24.41,24.41,24.41,24.41,0"
"Aug-22-2018,24.73,24.73,24.41,24.45,15"
"Aug-23-2018,24.83,24.83,24.71,24.76,10"
"Aug-24-2018,24.88,24.90,24.88,24.98,10"
"Aug-27-2018,25.41,25.41,25.41,25.41,0"
"Aug-28-2018,25.50,25.50,25.50,25.36,10"
"Aug-29-2018,25.87,25.87,25.87,25.87,0"
"Aug-30-2018,26.13,26.13,26.13,26.13,0"
"Aug-31-2018,26.03,26.03,26.03,25.84,10"
"Sep-4-2018,26.97,26.97,26.67,26.71,50"
"Sep-5-2018,27.02,27.02,27.02,27.02,0"
"Sep-6-2018,27.42,27.42,27.41,27.46,10"
"Sep-7-2018,28.03,28.03,28.03,27.99,10"
"Sep-10-2018,28.59,28.78,28.54,29.13,30"
"Sep-11-2018,28.27,28.65,28.25,28.78,15"
"Sep-12-2018,27.64,28.15,27.46,27.50,73"
"Sep-13-2018,27.34,27.38,26.66,26.81,94"
"Sep-14-2018,27.03,27.11,26.79,26.93,85"
"Sep-17-2018,28.20,28.20,27.82,28.08,90"
"Sep-18-2018,27.59,27.59,27.28,27.41,65"
"Sep-19-2018,27.74,28.38,27.74,28.32,25"
"Sep-20-2018,28.83,29.07,28.60,28.59,95"
"Sep-21-2018,28.11,28.79,28.06,28.73,85"
"Sep-24-2018,29.49,29.56,29.30,29.25,75"
"Sep-25-2018,29.36,29.54,28.82,29.23,60"
"Sep-26-2018,28.26,28.26,28.26,28.26,0"
"Sep-27-2018,27.58,27.58,27.58,27.58,0"
"Sep-28-2018,27.90,27.90,27.45,27.33,73"
"Oct-1-2018,26.74,27.36,26.59,27.45,68"
"Oct-2-2018,27.86,27.86,27.43,27.26,7"
"Oct-3-2018,27.12,27.12,27.12,27.12,0"
"Oct-4-2018,27.47,27.47,27.47,27.47,0"
"Oct-5-2018,27.90,27.90,27.90,27.90,0"
"Oct-8-2018,27.22,27.22,27.22,27.22,0"
"Oct-9-2018,26.84,26.84,26.84,26.84,0"
"Oct-10-2018,26.63,26.63,26.63,26.22,15"
"Oct-11-2018,25.93,25.93,25.93,25.76,10"
"Oct-12-2018,26.63,26.63,26.63,26.63,0"
"Oct-15-2018,27.05,27.05,27.05,26.63,10"
"Oct-16-2018,26.33,26.33,26.33,26.33,10"
"Oct-17-2018,25.63,25.63,25.63,25.94,2"
"Oct-18-2018,26.03,26.03,26.03,26.03,0"
"Oct-19-2018,26.86,26.86,26.86,26.86,0"
"Oct-22-2018,26.12,26.12,26.12,26.12,0"
"Oct-23-2018,25.67,25.67,25.67,25.67,0"
"Oct-24-2018,25.26,25.26,25.26,25.26,0"
"Oct-25-2018,24.87,24.87,24.87,24.87,0"
"Oct-26-2018,24.28,24.28,24.28,24.28,0"
"Oct-29-2018,24.58,24.58,24.58,24.58,0"
"Oct-30-2018,23.88,23.88,23.88,23.88,0"
"Oct-31-2018,24.34,24.34,24.34,24.34,0"
"Nov-1-2018,23.98,23.98,23.98,23.65,5"
"Nov-2-2018,23.91,23.97,23.91,24.29,10"
"Nov-5-2018,23.81,23.81,23.81,23.81,0"
"Nov-6-2018,23.63,23.77,23.63,23.90,15"
"Nov-7-2018,24.33,24.45,24.33,24.42,20"
"Nov-8-2018,24.63,24.63,24.63,24.43,5"
"Nov-9-2018,24.76,24.76,24.55,24.33,15"
"Nov-12-2018,25.63,25.91,25.63,25.96,47"
"Nov-13-2018,26.24,26.58,26.24,26.52,85"
"Nov-14-2018,26.26,26.48,26.26,26.28,30"
"Nov-15-2018,26.15,26.72,26.15,26.68,60"
"Nov-16-2018,26.73,26.73,25.65,25.96,55"
"Nov-19-2018,24.31,24.39,24.31,24.15,10"
"Nov-20-2018,24.43,24.50,24.27,24.35,63"
"Nov-21-2018,24.20,24.42,24.20,24.50,15"
"Nov-23-2018,24.04,25.17,24.04,24.82,55"
"Nov-26-2018,24.27,24.55,24.12,24.55,43"
"Nov-27-2018,24.80,25.00,24.79,25.16,30"
"Nov-28-2018,24.40,24.40,24.40,24.30,15"
"Nov-29-2018,24.64,24.64,24.64,24.64,0"
"Nov-30-2018,24.69,24.69,24.69,24.69,10"
"Dec-3-2018,25.09,25.09,25.09,25.09,40"
"Dec-4-2018,24.40,24.40,24.38,24.42,44"
"Dec-5-2018,24.11,24.11,24.11,23.82,85"
"Dec-6-2018,23.31,23.40,23.14,23.17,50"
"Dec-7-2018,22.84,23.18,22.84,23.15,64"
"Dec-10-2018,23.27,23.30,23.27,23.25,30"
"Dec-11-2018,23.55,23.63,23.55,23.62,45"
"Dec-12-2018,24.05,24.19,24.05,23.92,30"
"Dec-13-2018,24.38,24.38,24.38,24.23,20"
"Dec-14-2018,24.67,24.79,24.66,24.65,30"
"Dec-17-2018,24.65,24.65,24.65,24.68,25"
"Dec-18-2018,24.04,24.04,23.73,23.73,70"
"Dec-19-2018,24.21,24.21,24.21,24.21,30"
"Dec-20-2018,24.61,24.61,24.61,24.61,45"
"Dec-21-2018,24.65,24.75,24.65,24.90,60"
"Dec-24-2018,24.74,24.76,24.28,24.25,56"
"Dec-26-2018,24.25,24.25,24.25,24.25,0"
"Dec-27-2018,23.32,23.32,23.32,23.32,30"
"Dec-28-2018,22.81,22.81,22.81,22.81,0"
"Dec-31-2018,22.26,22.26,22.18,21.98,10"
"Jan-2-2019,22.28,22.55,22.15,22.48,20"
"Jan-3-2019,22.22,22.22,22.12,22.26,10"
"Jan-4-2019,22.85,22.96,22.81,22.93,40"
"Jan-7-2019,21.91,21.91,21.47,21.53,35"
"Jan-8-2019,22.17,22.17,22.17,22.09,10"
"Jan-9-2019,22.52,22.52,21.75,21.72,20"
"Jan-10-2019,21.71,21.71,21.71,21.68,5"
"Jan-11-2019,22.39,22.39,22.09,22.26,75"
"Jan-14-2019,21.91,21.91,21.69,21.68,45"
"Jan-15-2019,22.04,22.04,21.95,22.00,20"
"Jan-16-2019,22.30,22.30,22.10,22.01,20"
"Jan-17-2019,22.64,23.14,22.64,23.00,30"
"Jan-18-2019,22.84,23.02,22.53,22.61,90"
"Jan-22-2019,21.81,21.89,21.61,21.82,125"
"Jan-23-2019,22.23,22.30,22.13,22.19,45"
"Jan-24-2019,21.72,21.82,21.36,21.28,80"
"Jan-25-2019,20.74,20.90,20.69,20.89,30"
"Jan-28-2019,20.52,20.52,20.50,20.55,10"
"Jan-29-2019,20.60,20.60,20.60,20.59,24"
"Jan-30-2019,20.18,20.18,20.18,20.18,0"
"Jan-31-2019,19.67,19.67,19.67,19.85,5"
"Feb-1-2019,19.30,19.30,19.30,19.30,0"
"Feb-4-2019,19.36,19.36,19.36,19.36,0"
"Feb-5-2019,19.14,19.14,19.14,19.14,0"
"Feb-6-2019,19.08,19.15,18.95,18.92,120"
"Feb-7-2019,19.19,19.19,18.86,18.91,64"
"Feb-8-2019,18.52,18.52,18.27,18.27,10"
"Feb-11-2019,17.83,18.13,17.75,18.06,420"
"Feb-12-2019,18.00,18.00,17.88,17.79,65"
"Feb-13-2019,17.80,17.88,17.80,18.02,95"
"Feb-14-2019,18.17,18.17,17.81,17.76,31"
"Feb-15-2019,18.10,18.10,18.10,18.10,0"
"Feb-19-2019,17.75,17.83,17.75,17.71,10"
"Feb-20-2019,18.15,18.15,18.15,18.15,0"
"Feb-21-2019,17.52,17.52,17.52,17.52,0"
"Feb-22-2019,17.23,17.23,17.23,17.23,0"
"Feb-25-2019,17.00,17.00,17.00,16.95,5"
"Feb-26-2019,17.05,17.05,17.05,17.05,0"
"Feb-27-2019,17.33,17.64,17.33,17.62,50"
"Feb-28-2019,17.82,17.82,17.82,17.82,40"
"Mar-1-2019,17.32,17.32,17.32,17.32,0"
"Mar-4-2019,17.38,17.50,17.38,17.40,65"
"Mar-5-2019,17.48,17.48,17.18,17.18,355"
"Mar-6-2019,17.03,17.05,17.00,16.85,105"
"Mar-7-2019,16.95,16.95,16.75,16.87,145"
"Mar-8-2019,16.85,16.85,16.72,16.73,390"
"Mar-11-2019,16.70,16.70,16.59,16.63,65"
"Mar-12-2019,16.43,16.53,16.05,16.21,780"
"Mar-13-2019,15.73,15.73,15.73,15.73,5"
"Mar-14-2019,15.83,15.83,15.60,15.61,189"
"Mar-15-2019,15.49,15.49,15.28,15.25,75"
"Mar-18-2019,14.90,15.18,14.90,14.98,971"
"Mar-19-2019,15.20,15.25,14.98,15.01,130"
"Mar-20-2019,15.08,15.08,15.08,15.22,20"
"Mar-21-2019,14.92,14.92,14.55,14.57,90"
"Mar-22-2019,14.43,14.46,14.36,14.46,40"
"Mar-25-2019,14.19,14.19,14.18,14.19,20"
"Mar-26-2019,14.20,14.42,14.20,14.39,130"
"Mar-27-2019,14.50,14.68,14.50,15.00,90"
"Mar-28-2019,14.80,14.88,14.80,14.43,712"
"Mar-29-2019,14.23,14.23,14.23,14.22,10"
"Apr-1-2019,13.85,13.85,13.85,13.85,0"
"Apr-2-2019,13.46,13.46,13.46,13.46,5"
"Apr-3-2019,13.70,13.70,13.70,14.19,20"
"Apr-4-2019,14.60,14.60,14.60,14.81,20"
"Apr-5-2019,16.64,16.64,16.64,16.64,10"
"Apr-8-2019,16.58,16.95,16.20,15.97,40"
"Apr-9-2019,16.76,16.76,16.76,16.76,0"
"Apr-10-2019,15.73,15.73,15.73,15.73,5"
"Apr-11-2019,15.55,15.90,15.55,16.00,41"
"Apr-12-2019,15.90,15.90,15.80,15.86,30"
"Apr-15-2019,15.64,15.64,15.29,15.01,31"
"Apr-16-2019,14.85,14.85,14.85,14.84,10"
"Apr-17-2019,15.20,15.20,15.20,15.20,0"
"Apr-18-2019,15.00,15.00,15.00,14.46,10"
"Apr-22-2019,14.46,14.46,14.46,14.46,0"
"Apr-23-2019,14.11,14.50,14.11,14.42,35"
"Apr-24-2019,14.43,14.43,14.43,14.27,10"
"Apr-25-2019,14.54,14.54,14.54,14.54,0"
"Apr-26-2019,14.73,14.78,14.68,14.43,105"
"Apr-29-2019,14.53,14.53,14.53,14.53,0"
"Apr-30-2019,14.43,14.43,14.43,14.39,5"
"May-1-2019,14.10,14.10,14.05,14.06,25"
"May-2-2019,14.37,14.37,14.37,14.37,0"
"May-3-2019,14.57,14.57,14.57,14.57,0"
"May-6-2019,14.34,14.34,14.34,14.34,0"
"May-7-2019,14.33,14.33,14.13,14.16,35"
"May-8-2019,14.18,14.35,14.15,14.32,15"
"May-9-2019,14.46,14.46,14.46,14.46,0"
"May-10-2019,14.00,14.00,14.00,14.00,0"
"May-13-2019,13.76,13.76,13.76,13.76,0"
"May-14-2019,13.79,13.79,13.79,13.79,0"
"May-15-2019,13.86,13.86,13.86,13.86,0"
"May-16-2019,13.39,13.39,13.39,13.39,0"
"May-17-2019,12.94,12.94,12.94,12.86,4"
"May-20-2019,12.91,12.91,12.91,12.91,0"
"May-21-2019,12.60,12.60,12.60,12.71,10"
"May-22-2019,12.89,12.89,12.89,12.65,10"
"May-23-2019,12.60,12.60,12.60,12.60,0"
"May-24-2019,12.44,12.44,12.42,12.25,15"
"May-28-2019,12.52,12.52,12.52,12.52,0"
"May-29-2019,12.23,12.23,12.23,12.23,0"
"May-30-2019,11.48,11.48,11.48,11.48,0"
"May-31-2019,11.21,11.21,11.21,11.21,5"
"Jun-3-2019,11.10,11.10,11.10,11.10,0"
"Jun-4-2019,11.91,11.91,11.91,11.91,0"
"Jun-5-2019,11.60,11.60,11.60,11.60,5"
"Jun-6-2019,11.32,11.32,11.32,11.11,55"
"Jun-7-2019,11.25,11.48,11.25,11.52,50"
"Jun-10-2019,11.65,11.65,11.65,11.81,50"
"Jun-11-2019,11.48,11.48,11.48,11.20,20"
"Jun-12-2019,11.21,11.21,11.21,11.14,10"
"Jun-13-2019,11.52,11.63,11.35,11.40,35"
"Jun-14-2019,11.35,11.35,11.35,11.32,15"
"Jun-17-2019,11.36,11.36,11.28,11.57,25"
"Jun-18-2019,11.40,11.40,11.28,11.04,49"
"Jun-19-2019,10.49,10.49,10.49,10.49,0"
"Jun-20-2019,10.15,10.15,10.15,10.15,0"
"Jun-21-2019,9.80,10.30,9.78,10.36,70"
"Jun-24-2019,10.20,10.20,10.20,10.20,5"
"Jun-25-2019,9.88,9.88,9.88,9.85,10"
"Jun-26-2019,9.62,9.62,9.62,9.62,0"
"Jun-27-2019,9.38,9.38,9.38,9.38,0"
"Jun-28-2019,9.75,9.77,9.75,10.12,35"
"Jul-1-2019,10.57,10.68,10.25,10.37,170"
"Jul-2-2019,10.65,10.86,10.25,10.23,130"
"Jul-3-2019,10.38,10.38,10.18,10.30,150"
"Jul-5-2019,10.58,11.25,10.26,11.22,170"
"Jul-8-2019,11.11,12.08,11.11,11.88,1,030"
"Jul-9-2019,12.23,12.68,11.85,11.76,920"
"Jul-10-2019,11.35,12.13,11.35,12.14,385"
"Jul-11-2019,12.73,12.85,12.30,13.13,90"
"Jul-12-2019,12.65,13.15,12.65,13.28,90"
"Jul-15-2019,13.73,13.73,13.41,12.90,140"
"Jul-16-2019,12.13,12.13,12.13,11.42,15"
"Jul-17-2019,11.00,11.28,10.83,10.99,85"
"Jul-18-2019,11.08,11.13,10.63,10.74,940"
"Jul-19-2019,10.90,10.90,10.90,10.82,15"
"Jul-22-2019,10.90,10.95,10.38,10.16,795"
"Jul-23-2019,10.13,10.40,10.13,10.75,270"
"Jul-24-2019,10.38,10.48,10.20,10.08,260"
"Jul-25-2019,10.25,10.28,10.05,10.03,380"
"Jul-26-2019,10.00,10.13,9.88,9.97,580"
"Jul-29-2019,10.08,10.15,9.75,9.81,405"
"Jul-30-2019,9.85,9.90,9.73,9.79,270"
"Jul-31-2019,11.00,11.00,11.00,11.00,0"
"Aug-1-2019,11.68,12.35,11.55,12.36,385"
"Aug-2-2019,11.96,12.66,11.96,12.02,70"
"Aug-5-2019,11.98,12.15,11.38,11.47,1,090"
"Aug-6-2019,11.18,11.25,10.88,10.95,855"
"Aug-7-2019,11.00,11.40,10.90,11.41,480"
"Aug-8-2019,11.25,12.04,11.20,12.08,425"
"Aug-9-2019,12.05,12.20,11.80,12.03,125"
"Aug-12-2019,11.95,12.05,11.38,11.42,255"
"Aug-13-2019,11.45,11.75,11.45,11.86,285"
"Aug-14-2019,11.50,11.60,11.23,11.18,235"
"Aug-15-2019,11.15,11.25,11.08,11.23,130"
"Aug-16-2019,11.18,11.35,10.93,10.96,106"
"Aug-19-2019,10.80,11.10,10.76,10.79,217"
"Aug-20-2019,11.30,11.31,11.23,11.22,50"
"Aug-21-2019,11.20,11.70,11.20,11.42,510"
"Aug-22-2019,11.28,11.38,10.98,10.99,160"
"Aug-23-2019,10.83,10.83,10.65,10.59,41"
"Aug-26-2019,10.32,10.32,10.32,10.32,0"
"Aug-27-2019,10.15,10.25,10.15,10.07,80"
"Aug-28-2019,10.35,10.35,10.23,10.24,220"
"Aug-29-2019,10.43,10.64,10.43,10.72,15"
"Aug-30-2019,12.80,12.80,12.80,12.80,10"
"Sep-3-2019,11.95,12.13,11.68,12.10,995"
"Sep-4-2019,12.15,12.15,12.10,11.96,75"
"Sep-5-2019,11.80,12.00,11.80,12.24,325"
"Sep-6-2019,12.18,12.18,12.10,12.35,245"
"Sep-9-2019,12.68,12.68,12.30,12.24,411"
"Sep-10-2019,12.35,13.80,12.35,14.41,276"
"Sep-11-2019,14.05,14.50,14.05,14.36,50"
"Sep-12-2019,14.55,14.55,14.55,14.47,50"
"Sep-13-2019,15.65,15.65,15.65,14.71,47"
"Sep-16-2019,15.16,15.16,15.16,15.34,12"
"Sep-17-2019,14.18,14.18,13.53,13.44,70"
"Sep-18-2019,12.80,12.80,12.54,12.44,20"
"Sep-19-2019,12.26,12.26,12.26,12.26,35"
"Sep-20-2019,12.58,12.58,12.58,12.71,50"
"Sep-23-2019,12.25,12.25,12.25,12.25,0"
"Sep-24-2019,12.18,12.60,12.18,12.34,40"
"Sep-25-2019,11.94,12.05,11.94,11.95,210"
"Sep-26-2019,12.05,12.05,12.05,12.05,0"
"Sep-27-2019,11.94,11.94,11.94,11.94,0"
"Sep-30-2019,16.68,16.69,16.68,16.39,20"
"Oct-1-2019,16.25,16.73,16.19,16.76,200"
"Oct-2-2019,16.30,16.30,15.93,16.01,195"
"Oct-3-2019,16.00,16.23,15.85,16.01,305"
"Oct-4-2019,16.35,16.50,15.75,15.77,160"
"Oct-7-2019,15.20,15.48,15.20,15.51,215"
"Oct-8-2019,15.65,15.70,15.43,15.64,760"
"Oct-9-2019,15.30,15.93,15.30,15.58,1,263"
"Oct-10-2019,15.83,15.83,15.48,15.85,485"
"Oct-11-2019,16.13,16.15,15.83,16.14,295"
"Oct-14-2019,15.95,15.95,15.95,16.04,60"
"Oct-15-2019,16.05,16.05,16.05,16.07,10"
"Oct-16-2019,16.23,16.25,16.15,16.08,80"
"Oct-17-2019,15.83,16.05,15.75,16.03,385"
"Oct-18-2019,16.25,16.25,15.88,15.97,355"
"Oct-21-2019,16.21,16.21,15.65,15.61,41"
"Oct-22-2019,15.75,15.75,15.75,15.60,34"
"Oct-23-2019,15.30,15.45,15.30,15.42,109"
"Oct-24-2019,15.15,15.65,15.15,15.66,289"
"Oct-25-2019,15.55,15.55,15.40,15.24,210"
"Oct-28-2019,14.58,14.65,14.45,14.39,335"
"Oct-29-2019,14.50,14.50,14.40,13.84,150"
"Oct-30-2019,13.63,13.63,13.63,13.78,60"
"Oct-31-2019,16.05,16.18,16.03,16.14,316"
"Nov-1-2019,16.35,16.35,16.18,16.18,518"
"Nov-4-2019,16.30,16.68,16.15,16.48,1,052"
"Nov-5-2019,16.75,16.91,16.70,16.79,1,082"
"Nov-6-2019,16.58,16.58,16.30,16.28,847"
"Nov-7-2019,16.23,16.30,16.14,16.12,637"
"Nov-8-2019,16.18,16.20,15.88,15.94,177"
"Nov-11-2019,15.88,15.93,15.83,15.85,618"
"Nov-12-2019,15.60,15.60,15.48,15.55,387"
"Nov-13-2019,15.28,15.48,15.28,15.45,158"
"Nov-14-2019,15.45,15.70,15.45,15.67,752"
"Nov-15-2019,15.40,15.73,15.40,15.72,457"
"Nov-18-2019,15.38,15.40,15.18,15.23,442"
"Nov-19-2019,15.15,15.40,15.15,15.29,318"
"Nov-20-2019,15.30,15.53,15.25,15.59,107"
"Nov-21-2019,15.68,15.80,15.65,15.63,459"
"Nov-22-2019,16.00,16.15,15.95,16.05,352"
"Nov-25-2019,16.48,16.48,16.28,16.24,87"
"Nov-26-2019,16.00,16.05,15.86,15.85,66"
"Nov-27-2019,15.95,16.10,15.88,15.98,218"
"Nov-29-2019,16.33,16.33,16.33,16.33,0"
"Dec-2-2019,15.96,16.00,15.80,15.81,170"
"Dec-3-2019,15.68,15.84,15.68,15.77,349"
"Dec-4-2019,15.60,15.90,15.60,15.88,559"
"Dec-5-2019,15.60,15.68,15.58,15.42,370"
"Dec-6-2019,15.18,15.28,15.10,15.14,390"
"Dec-9-2019,14.78,14.95,14.74,14.89,330"
"Dec-10-2019,14.37,14.50,14.31,14.53,195"
"Dec-11-2019,14.17,14.17,14.02,14.05,180"
"Dec-12-2019,14.15,14.75,14.15,14.77,505"
"Dec-13-2019,14.23,14.32,13.80,13.81,310"
"Dec-16-2019,13.95,13.95,13.94,13.89,140"
"Dec-17-2019,14.47,14.50,14.46,14.46,185"
"Dec-18-2019,14.35,15.01,14.35,14.95,1,025"
"Dec-19-2019,14.40,14.98,14.40,15.01,449"
"Dec-20-2019,14.08,14.22,14.03,14.24,94"
"Dec-23-2019,13.21,13.21,13.07,13.03,60"
"Dec-24-2019,12.61,12.61,12.61,12.61,15"
"Dec-26-2019,12.61,12.61,12.61,12.61,0"
"Dec-27-2019,12.77,12.77,12.77,12.77,0"
"Dec-30-2019,12.30,12.30,12.30,12.30,0"
"Dec-31-2019,12.05,12.05,12.05,12.05,0"
"Jan-2-2020,12.44,12.46,12.14,12.08,440"
"Jan-3-2020,12.41,12.75,12.41,12.99,245"
"Jan-6-2020,12.70,12.70,12.70,12.28,30"
"Jan-7-2020,11.95,12.15,11.87,11.93,515"
"Jan-8-2020,11.84,12.05,11.83,11.97,640"
"Jan-9-2020,11.93,12.25,11.93,12.18,1,143"
"Jan-10-2020,12.20,12.23,11.95,11.94,1,150"
"Jan-13-2020,12.15,12.15,12.08,12.06,395"
"Jan-14-2020,12.03,12.03,11.69,11.31,70"
"Jan-15-2020,11.28,11.30,11.20,11.18,115"
"Jan-16-2020,11.43,11.43,11.02,11.12,185"
"Jan-17-2020,11.05,11.05,10.94,10.93,145"
"Jan-21-2020,10.67,10.95,10.60,10.78,275"
"Jan-22-2020,10.66,10.66,10.37,10.46,486"
"Jan-23-2020,10.38,10.45,10.23,10.43,255"
"Jan-24-2020,10.63,10.63,10.49,10.46,145"
"Jan-27-2020,10.51,10.59,10.48,10.53,110"
"Jan-28-2020,10.80,10.80,10.75,10.79,45"
"Jan-29-2020,10.68,10.68,10.34,10.15,100"
"Jan-30-2020,10.00,10.00,10.00,9.78,165"
"Jan-31-2020,9.98,10.01,9.93,9.76,15"
"Feb-3-2020,9.60,9.60,9.19,9.21,170"
"Feb-4-2020,9.29,9.39,9.10,9.37,335"
"Feb-5-2020,9.44,9.44,9.28,9.32,90"
"Feb-6-2020,8.93,9.20,8.93,9.15,197"
"Feb-7-2020,9.22,9.22,8.99,9.07,55"
"Feb-10-2020,8.78,8.78,8.58,8.65,140"
"Feb-11-2020,8.50,8.65,8.50,8.56,135"
"Feb-12-2020,8.58,8.77,8.58,8.72,65"
"Feb-13-2020,8.58,8.80,8.58,8.89,176"
"Feb-14-2020,8.93,8.93,8.93,8.88,20"
"Feb-18-2020,9.20,9.49,9.20,9.38,205"
"Feb-19-2020,9.23,9.55,9.23,9.57,120"
"Feb-20-2020,9.58,9.58,9.38,9.57,185"
"Feb-21-2020,9.30,9.51,9.30,9.41,66"
"Feb-24-2020,9.21,9.21,9.13,9.05,260"
"Feb-25-2020,9.00,9.00,8.93,9.01,695"
"Feb-26-2020,8.88,9.08,8.80,9.07,345"
"Feb-27-2020,8.87,8.87,8.87,8.87,0"
"Feb-28-2020,8.65,8.95,8.65,8.88,170"
"Mar-2-2020,9.00,9.05,8.80,8.89,1,622"
"Mar-3-2020,9.02,9.21,9.02,9.17,448"
"Mar-4-2020,8.98,9.06,8.83,8.91,2,135"
"Mar-5-2020,8.90,8.90,8.83,8.85,913"
"Mar-6-2020,8.78,8.78,8.56,8.65,435"
"Mar-9-2020,8.28,8.63,8.28,8.63,405"
"Mar-10-2020,8.88,9.05,8.84,9.00,675"
"Mar-11-2020,8.98,9.38,8.98,9.37,288"
"Mar-12-2020,9.10,9.39,9.10,9.33,440"
"Mar-13-2020,9.36,9.64,9.26,9.29,345"
"Mar-16-2020,8.70,8.77,8.65,8.74,623"
"Mar-17-2020,8.78,8.78,8.43,8.47,744"
"Mar-18-2020,8.30,8.32,8.17,8.27,931"
"Mar-19-2020,8.43,8.55,8.37,8.55,370"
"Mar-20-2020,8.30,8.30,8.30,8.30,75"
"Mar-23-2020,8.02,8.02,7.94,7.85,150"
"Mar-24-2020,8.05,8.10,7.86,7.91,187"
"Mar-25-2020,7.77,7.77,7.77,7.75,55"
"Mar-26-2020,7.58,7.61,7.58,7.58,610"
"Mar-27-2020,7.25,7.34,7.17,7.22,995"
"Mar-30-2020,6.90,6.90,6.90,6.90,182"
"Mar-31-2020,7.10,7.18,7.10,6.90,90"
"Apr-1-2020,6.73,6.85,6.73,6.83,1,020"
"Apr-2-2020,7.28,7.28,6.86,6.94,405"
"Apr-3-2020,6.83,7.03,6.78,6.92,436"
"Apr-6-2020,6.80,7.40,6.80,7.29,85"
"Apr-7-2020,7.40,7.50,7.30,7.29,160"
"Apr-8-2020,7.30,7.40,7.26,7.26,490"
"Apr-9-2020,7.48,7.53,7.24,7.28,205"
"Apr-13-2020,7.28,7.28,7.28,7.28,0"
"Apr-14-2020,7.18,7.18,6.87,6.88,176"
"Apr-15-2020,6.83,6.85,6.75,6.65,355"
"Apr-16-2020,6.98,6.98,6.93,6.91,40"
"Apr-17-2020,7.18,7.18,6.96,7.00,435"
"Apr-20-2020,6.74,6.74,6.74,6.62,20"
"Apr-21-2020,6.60,6.60,6.31,6.32,245"
"Apr-22-2020,6.13,6.49,6.13,6.23,301"
"Apr-23-2020,6.15,6.15,6.04,6.06,105"
"Apr-24-2020,5.83,5.85,5.80,5.77,692"
"Apr-27-2020,5.83,6.00,5.83,5.94,112"
"Apr-28-2020,5.98,6.20,5.98,6.15,85"
"Apr-29-2020,6.02,6.02,6.02,6.02,0"
"Apr-30-2020,6.33,6.33,6.20,6.22,55"
"May-1-2020,6.20,6.20,5.74,5.85,1,081"
"May-4-2020,5.90,5.90,5.71,5.74,724"
"May-5-2020,5.85,5.90,5.64,5.68,433"
"May-6-2020,5.74,5.80,5.73,5.77,237"
"May-7-2020,5.84,5.97,5.80,5.85,476"
"May-8-2020,5.83,5.83,5.83,5.83,0"
"May-11-2020,5.70,5.80,5.66,5.71,251"
"May-12-2020,5.58,5.63,5.28,5.32,268"
"May-13-2020,5.38,5.38,5.10,5.12,86"
"May-14-2020,5.18,5.29,5.18,5.27,228"
"May-15-2020,5.40,5.43,5.18,5.22,359"
"May-18-2020,5.28,5.39,4.88,4.92,147"
"May-19-2020,4.78,4.83,4.61,4.61,137"
"May-20-2020,4.75,4.76,4.42,4.46,83"
"May-21-2020,3.97,4.00,3.79,3.83,26"
"May-22-2020,3.75,4.06,3.65,3.89,216"
"May-26-2020,4.35,4.91,4.25,4.13,409"
"May-27-2020,3.80,3.98,3.63,3.70,169"
"May-28-2020,3.70,3.85,3.50,3.51,1,567"
"May-29-2020,4.43,4.50,4.40,4.39,50"
"Jun-1-2020,4.10,4.25,3.95,4.06,740"
"Jun-2-2020,4.37,4.95,4.35,4.85,880"
"Jun-3-2020,5.15,5.54,4.94,5.33,445"
"Jun-4-2020,4.98,5.40,4.98,5.39,520"
"Jun-5-2020,5.35,5.85,5.13,5.71,330"
"Jun-8-2020,5.60,5.78,5.26,5.25,275"
"Jun-9-2020,5.28,5.28,4.78,4.81,185"
"Jun-10-2020,4.70,4.85,4.63,4.80,585"
"Jun-11-2020,4.78,5.03,4.78,4.99,375"
"Jun-12-2020,5.15,5.44,5.15,5.28,513"
"Jun-15-2020,5.45,5.58,5.40,5.52,335"
"Jun-16-2020,5.55,5.55,5.18,5.26,425"
"Jun-17-2020,5.20,5.28,5.00,5.21,655"
"Jun-18-2020,5.43,5.53,5.33,5.45,667"
"Jun-19-2020,5.55,5.68,5.55,5.62,295"
"Jun-22-2020,5.45,5.53,5.39,5.50,408"
"Jun-23-2020,5.70,5.85,5.70,5.83,570"
"Jun-24-2020,5.83,5.85,5.68,5.67,298"
"Jun-25-2020,5.43,5.44,5.29,5.26,50"
"Jun-26-2020,5.07,5.23,5.05,5.11,205"
"Jun-29-2020,5.40,5.87,5.40,5.84,512"
"Jun-30-2020,6.11,6.46,6.03,6.17,257"
"Jul-1-2020,5.95,6.19,5.80,5.87,709"
"Jul-2-2020,5.77,5.95,5.71,5.95,657"
"Jul-6-2020,6.15,6.15,6.08,6.10,143"
"Jul-7-2020,6.13,6.32,6.13,6.13,62"
"Jul-8-2020,6.09,6.19,5.86,5.94,128"
"Jul-9-2020,5.86,5.88,5.76,5.76,91"
"Jul-10-2020,5.57,5.59,5.43,5.48,109"
"Jul-13-2020,5.52,5.55,5.09,5.11,712"
"Jul-14-2020,5.16,5.18,4.99,5.09,1,222"
"Jul-15-2020,5.35,5.40,5.23,5.23,123"
"Jul-16-2020,5.09,5.11,5.00,5.06,163"
"Jul-17-2020,5.16,5.17,5.07,5.12,612"
"Jul-20-2020,4.95,4.98,4.71,4.73,250"
"Jul-21-2020,4.90,4.98,4.77,4.79,519"
"Jul-22-2020,4.82,4.92,4.73,4.83,292"
"Jul-23-2020,4.93,5.13,4.93,4.99,220"
"Jul-24-2020,5.03,5.04,4.90,5.01,133"
"Jul-27-2020,4.95,5.01,4.88,4.79,224"
"Jul-28-2020,4.78,4.98,4.78,4.96,181"
"Jul-29-2020,5.15,5.22,5.06,5.18,1,078"
"Jul-30-2020,5.19,5.43,5.13,5.23,172"
"Jul-31-2020,6.00,6.00,6.00,6.03,30"
"Aug-3-2020,6.33,7.00,6.33,6.80,255"
"Aug-4-2020,7.19,7.43,7.13,7.36,565"
"Aug-5-2020,7.37,7.41,7.28,7.32,228"
"Aug-6-2020,7.75,7.95,7.75,7.94,48"
"Aug-7-2020,7.55,8.30,7.55,7.93,107"
"Aug-10-2020,8.28,8.28,7.95,7.59,65"
"Aug-11-2020,7.50,7.94,7.42,7.42,209"
"Aug-12-2020,7.18,7.18,7.00,7.17,196"
"Aug-13-2020,7.40,7.48,7.29,7.31,137"
"Aug-14-2020,7.45,8.15,7.38,8.02,325"
"Aug-17-2020,8.26,8.51,8.15,8.18,95"
"Aug-18-2020,8.23,8.72,8.23,8.55,145"
"Aug-19-2020,8.82,8.85,8.23,8.36,51"
"Aug-20-2020,8.33,8.38,8.23,8.15,578"
"Aug-21-2020,7.98,7.98,7.47,7.62,95"
"Aug-24-2020,8.13,8.37,8.05,8.36,444"
"Aug-25-2020,8.36,8.89,8.36,8.87,114"
"Aug-26-2020,9.34,9.34,9.29,9.15,36"
"Aug-27-2020,9.25,9.28,8.90,8.87,1,237"
"Aug-28-2020,11.13,11.18,11.13,11.17,20"
"Aug-31-2020,11.24,11.24,11.24,11.24,0"
"Sep-1-2020,11.20,11.84,11.20,11.30,376"
"Sep-2-2020,11.40,11.40,11.00,11.11,116"
"Sep-3-2020,11.52,11.80,11.50,11.74,373"
"Sep-4-2020,12.11,12.11,11.85,11.68,63"
"Sep-8-2020,11.40,11.40,10.79,10.80,436"
"Sep-9-2020,10.60,10.95,10.60,10.74,250"
"Sep-10-2020,10.85,10.87,10.47,10.52,433"
"Sep-11-2020,10.40,10.44,10.37,10.50,110"
"Sep-14-2020,10.73,10.80,10.65,10.71,150"
"Sep-15-2020,10.85,10.87,10.82,10.90,45"
"Sep-16-2020,11.20,11.45,11.20,11.32,100"
"Sep-17-2020,11.52,11.52,11.13,11.12,115"
"Sep-18-2020,11.11,11.38,11.11,11.48,50"
"Sep-21-2020,11.50,11.51,11.43,11.50,75"
"Sep-22-2020,11.33,11.80,11.26,11.71,130"
"Sep-23-2020,11.77,12.04,11.77,12.02,190"
"Sep-24-2020,11.95,11.95,11.66,11.64,175"
"Sep-25-2020,11.50,11.70,11.40,11.67,354"
"Sep-28-2020,12.06,12.06,11.95,12.35,77"
"Sep-29-2020,12.40,12.64,12.27,12.28,247"
"Sep-30-2020,13.31,13.31,13.16,13.29,35"
"Oct-1-2020,13.35,13.41,13.11,13.18,510"
"Oct-2-2020,12.88,13.13,12.82,13.03,565"
"Oct-5-2020,13.39,13.44,13.25,13.42,150"
"Oct-6-2020,13.23,13.37,13.23,13.31,90"
"Oct-7-2020,13.43,13.69,13.43,13.71,30"
"Oct-8-2020,13.75,14.05,13.75,13.90,50"
"Oct-9-2020,13.73,13.87,13.71,13.76,55"
"Oct-12-2020,13.61,13.61,13.61,13.84,15"
"Oct-13-2020,13.69,13.70,13.49,13.60,345"
"Oct-14-2020,13.74,13.95,13.74,13.87,65"
"Oct-15-2020,14.18,14.18,13.90,14.24,555"
"Oct-16-2020,14.53,14.65,14.43,14.50,65"
"Oct-19-2020,14.65,14.75,14.65,14.72,70"
"Oct-20-2020,14.56,14.98,14.56,14.90,1,820"
"Oct-21-2020,14.81,14.95,14.81,14.87,739"
"Oct-22-2020,14.83,15.34,14.80,15.26,371"
"Oct-23-2020,15.25,15.65,15.25,15.41,205"
"Oct-26-2020,15.15,15.39,15.15,14.87,140"
"Oct-27-2020,14.70,14.85,14.38,14.75,260"
"Oct-28-2020,14.53,14.65,14.40,14.49,642"
"Oct-29-2020,14.40,14.40,14.13,14.22,650"
"Oct-30-2020,14.34,14.39,13.93,14.06,237"
"Nov-2-2020,13.52,13.71,13.52,13.66,105"
"Nov-3-2020,13.73,13.93,13.59,13.67,127"
"Nov-4-2020,13.73,14.11,13.58,13.89,355"
"Nov-5-2020,14.30,14.50,14.30,14.46,465"
"Nov-6-2020,14.12,14.15,13.89,13.90,781"
"Nov-9-2020,13.78,14.13,13.55,13.86,545"
"Nov-10-2020,13.80,14.15,13.70,14.04,910"
"Nov-11-2020,14.05,14.35,14.05,14.10,285"
"Nov-12-2020,14.05,14.15,13.95,14.00,294"
"Nov-13-2020,14.20,14.33,14.18,14.24,280"
"Nov-16-2020,14.43,14.60,14.42,14.50,287"
"Nov-17-2020,14.35,14.35,13.85,13.97,160"
"Nov-18-2020,13.85,13.95,13.59,13.68,215"
"Nov-19-2020,13.48,13.48,13.00,13.02,335"
"Nov-20-2020,12.70,12.91,12.60,12.90,405"
"Nov-23-2020,13.30,13.63,13.30,13.54,131"
"Nov-24-2020,13.45,13.90,13.45,13.90,300"
"Nov-25-2020,14.15,14.28,13.80,13.93,347"
"Nov-27-2020,13.84,14.60,13.80,14.49,774"
"Nov-30-2020,14.99,15.20,14.95,15.14,60"
"Dec-1-2020,15.48,15.48,14.78,14.91,609"
"Dec-2-2020,14.45,14.95,14.45,14.91,356"
"Dec-3-2020,14.60,14.60,14.00,14.15,304"
"Dec-4-2020,14.55,14.66,14.47,14.65,212"
"Dec-7-2020,14.10,14.40,14.10,14.36,400"
"Dec-8-2020,14.30,14.63,14.30,14.45,710"
"Dec-9-2020,14.35,14.74,14.35,14.74,128"
"Dec-10-2020,15.30,15.55,15.28,15.54,315"
"Dec-11-2020,15.53,15.83,15.30,15.96,175"
"Dec-14-2020,16.45,16.93,16.45,16.61,159"
"Dec-15-2020,17.10,17.27,16.66,17.23,221"
"Dec-16-2020,17.05,17.05,16.26,16.38,180"
"Dec-17-2020,16.18,16.33,15.90,15.94,186"
"Dec-18-2020,15.75,15.98,15.69,15.89,190"
"Dec-21-2020,16.40,16.85,16.25,16.80,181"
"Dec-22-2020,17.20,17.75,17.18,17.64,210"
"Dec-23-2020,17.65,17.65,17.50,17.51,77"
"Dec-24-2020,17.65,17.65,17.65,17.65,0"
"Dec-28-2020,19.15,19.15,19.15,19.15,0"
"Dec-29-2020,19.00,19.00,19.00,18.78,42"
"Dec-30-2020,19.15,19.28,19.03,19.00,175"
"Dec-31-2020,19.13,19.13,19.13,19.13,0"
"Jan-4-2021,19.45,20.30,19.45,19.85,803"
"Jan-5-2021,18.91,18.95,17.93,18.01,510"
"Jan-6-2021,17.88,18.52,17.38,17.57,704"
"Jan-7-2021,18.28,19.42,18.28,19.31,183"
"Jan-8-2021,20.40,20.70,19.89,20.12,385"
"Jan-11-2021,21.35,22.54,21.20,22.13,460"
"Jan-12-2021,23.24,26.09,23.20,26.16,135"
"Jan-13-2021,23.48,23.90,21.60,21.50,535"
"Jan-14-2021,21.25,21.25,20.32,21.34,341"
"Jan-15-2021,20.10,20.40,19.63,20.20,523"
"Jan-19-2021,19.10,20.40,18.90,20.33,1,048"
"Jan-20-2021,21.40,21.60,19.94,20.26,683"
"Jan-21-2021,19.83,20.50,19.55,20.07,433"
"Jan-22-2021,20.75,21.50,20.75,21.49,936"
"Jan-25-2021,22.15,22.15,20.05,20.16,1,048"
"Jan-26-2021,19.80,20.08,19.18,19.51,785"
"Jan-27-2021,19.00,19.90,18.90,19.70,382"
"Jan-28-2021,20.60,20.88,20.35,20.91,285"
"Jan-29-2021,20.60,20.60,19.60,19.82,441"
"Feb-1-2021,19.05,19.05,17.88,18.14,837"
"Feb-2-2021,18.20,18.50,18.11,18.25,347"
"Feb-3-2021,17.65,17.75,17.35,17.86,432"
"Feb-4-2021,17.85,18.35,17.75,18.12,799"
"Feb-5-2021,18.55,18.90,18.30,18.38,1,046"
"Feb-8-2021,20.38,20.38,19.60,20.18,481"
"Feb-9-2021,18.86,19.31,18.75,19.05,581"
"Feb-10-2021,18.85,19.03,18.45,18.56,505"
"Feb-11-2021,18.15,18.15,17.38,17.38,1,628"
"Feb-12-2021,17.07,17.65,16.95,17.62,598"
"Feb-16-2021,16.75,16.95,16.35,16.72,1,306"
"Feb-17-2021,17.15,17.30,16.40,16.54,1,080"
"Feb-18-2021,16.90,17.35,16.84,17.33,1,001"
"Feb-19-2021,17.33,17.45,16.47,16.56,773"
"Feb-22-2021,16.25,16.25,15.83,15.96,499"
"Feb-23-2021,16.10,16.40,16.05,16.25,419"
"Feb-24-2021,16.13,16.35,16.05,16.38,773"
"Feb-25-2021,16.40,16.40,16.07,15.94,415"
"Feb-26-2021,15.95,15.98,15.55,15.70,436"
"Mar-1-2021,16.00,16.10,15.93,16.08,362"
"Mar-2-2021,16.01,16.03,15.80,15.87,601"
"Mar-3-2021,15.60,15.68,15.50,15.53,457"
"Mar-4-2021,15.59,15.98,15.58,15.93,527"
"Mar-5-2021,15.85,16.45,15.78,16.37,580"
"Mar-8-2021,16.55,16.55,16.13,16.15,745"
"Mar-9-2021,16.38,16.98,16.38,16.93,462"
"Mar-10-2021,17.15,17.70,17.15,17.63,589"
"Mar-11-2021,17.48,18.16,17.48,18.13,1,178"
"Mar-12-2021,17.97,18.57,17.93,18.45,708"
"Mar-15-2021,18.17,18.88,17.87,17.93,876"
"Mar-16-2021,17.83,17.83,17.28,17.66,819"
"Mar-17-2021,17.45,18.11,17.45,17.97,635"
"Mar-18-2021,18.16,18.40,17.50,17.76,902"
"Mar-19-2021,17.35,17.50,17.24,17.27,1,135"
"Mar-22-2021,17.27,18.08,17.27,18.05,1,808"
"Mar-23-2021,17.85,18.40,17.63,18.39,1,755"
"Mar-24-2021,18.65,18.83,18.03,18.59,1,964"
"Mar-25-2021,18.60,18.60,18.28,18.37,1,494"
"Mar-26-2021,18.60,18.82,18.58,18.70,1,210"
"Mar-29-2021,18.26,18.60,18.13,18.45,815"
"Mar-30-2021,18.20,18.85,18.20,18.81,778"
"Mar-31-2021,19.05,19.17,18.70,19.00,481"
"Apr-1-2021,19.00,19.28,19.00,19.17,0"
"Apr-5-2021,19.17,19.17,19.17,19.17,0"
"Apr-6-2021,19.75,19.83,19.60,19.78,393"
"Apr-7-2021,19.65,19.73,19.18,19.29,828"
"Apr-8-2021,19.33,19.45,18.98,18.99,625"
"Apr-9-2021,19.35,19.37,18.90,18.94,1,182"
"Apr-12-2021,19.40,19.73,19.26,19.65,1,480"
"Apr-13-2021,19.72,19.85,19.47,19.51,1,163"
"Apr-14-2021,19.60,19.78,19.60,19.68,2,028"
"Apr-15-2021,19.90,20.39,19.85,20.26,600"
"Apr-16-2021,20.63,20.80,20.50,20.54,425"
"Apr-19-2021,20.88,21.12,20.85,20.94,1,430"
"Apr-20-2021,20.85,21.34,20.68,21.07,1,399"
"Apr-21-2021,21.02,21.25,20.85,21.11,2,016"
"Apr-22-2021,21.30,21.54,21.30,21.37,456"
"Apr-23-2021,20.80,20.80,19.71,20.05,180"
"Apr-26-2021,20.20,20.46,19.98,20.00,952"
"Apr-27-2021,19.93,21.50,19.75,21.41,739"
"Apr-28-2021,21.79,22.02,21.55,21.56,705"
"Apr-29-2021,21.67,22.58,21.58,22.50,468"
"Apr-30-2021,22.97,23.32,22.73,23.29,770"
"May-3-2021,23.82,23.82,23.82,23.82,0"
"May-4-2021,24.11,24.11,23.00,23.05,715"
"May-5-2021,23.40,23.97,23.33,23.96,625"
"May-6-2021,24.13,24.95,24.13,24.33,1,075"
"May-7-2021,24.23,24.23,23.88,23.94,685"
"May-10-2021,25.18,25.20,24.83,25.19,1,090"
"May-11-2021,24.80,26.00,24.75,25.81,970"
"May-12-2021,26.44,26.45,25.80,26.42,1,120"
"May-13-2021,25.75,26.30,24.98,26.25,1,365"
"May-14-2021,26.35,26.88,26.35,26.83,665"
"May-17-2021,26.10,26.63,25.70,26.31,1,233"
"May-18-2021,25.40,25.78,24.65,24.81,1,313"
"May-19-2021,24.05,24.13,22.57,22.67,1,000"
"May-20-2021,23.10,24.57,23.05,24.69,940"
"May-21-2021,25.30,25.55,24.60,24.80,980"
"May-24-2021,24.48,24.85,24.46,24.76,400"
"May-25-2021,25.25,26.15,25.25,26.19,864"
"May-26-2021,26.78,26.92,26.40,26.43,706"
"May-27-2021,25.65,26.10,25.28,25.20,556"
"May-28-2021,25.10,25.20,24.62,24.93,403"
"Jun-1-2021,25.18,26.23,25.18,25.98,765"
"Jun-2-2021,25.70,26.10,25.28,25.73,1,025"
"Jun-3-2021,26.25,26.25,25.68,25.71,471"
"Jun-4-2021,25.75,26.03,25.45,25.80,411"
"Jun-7-2021,25.90,26.67,25.90,26.49,360"
"Jun-8-2021,27.48,27.85,27.35,27.80,637"
"Jun-9-2021,27.90,28.43,27.81,28.30,685"
"Jun-10-2021,28.28,28.73,27.71,28.69,676"
"Jun-11-2021,28.50,28.60,27.70,27.85,458"
"Jun-14-2021,29.10,29.32,28.58,28.81,862"
"Jun-15-2021,28.30,28.71,27.91,28.14,1,007"
"Jun-16-2021,28.00,28.78,27.74,28.03,1,296"
"Jun-17-2021,27.80,28.67,27.70,28.31,1,079"
"Jun-18-2021,28.94,29.61,28.80,29.41,604"
"Jun-21-2021,29.97,30.20,29.31,29.62,698"
"Jun-22-2021,30.05,30.84,29.99,30.74,591"
"Jun-23-2021,31.35,31.69,30.57,31.55,551"
"Jun-24-2021,31.55,32.03,31.41,32.02,949"
"Jun-25-2021,31.95,32.40,31.95,32.39,548"
"Jun-28-2021,32.10,32.38,31.75,32.29,787"
"Jun-29-2021,32.86,33.83,32.86,33.49,296"
"Jun-30-2021,33.88,34.93,33.74,34.62,1,456"
"Jul-1-2021,35.50,36.96,35.45,36.15,628"
"Jul-2-2021,34.93,36.87,34.93,35.83,1,207"
"Jul-6-2021,37.25,38.37,33.08,34.11,1,434"
"Jul-7-2021,34.32,36.23,32.35,32.34,1,153"
"Jul-8-2021,32.29,33.88,31.47,33.31,1,188"
"Jul-9-2021,35.84,36.85,35.57,36.63,660"
"Jul-12-2021,35.24,36.15,34.40,34.65,1,144"
"Jul-13-2021,34.31,35.84,34.15,35.47,939"
"Jul-14-2021,34.84,35.18,33.41,34.78,624"
"Jul-15-2021,34.20,34.61,33.61,33.80,464"
"Jul-16-2021,35.10,35.53,34.60,34.84,463"
"Jul-19-2021,36.45,36.81,35.62,35.65,421"
"Jul-20-2021,35.10,35.32,34.63,35.17,521"
"Jul-21-2021,35.50,36.20,35.46,35.95,370"
"Jul-22-2021,35.68,36.44,35.65,36.13,585"
"Jul-23-2021,35.82,35.94,35.10,35.53,534"
"Jul-26-2021,36.14,37.03,35.91,36.92,173"
"Jul-27-2021,37.70,37.71,37.26,37.59,559"
"Jul-28-2021,38.47,39.72,38.42,39.70,506"
"Jul-29-2021,40.35,40.88,40.05,41.15,720"
"Jul-30-2021,40.51,40.86,39.42,40.76,389"
"Aug-2-2021,42.10,42.69,41.82,42.16,1,356"
"Aug-3-2021,41.59,42.18,41.12,41.25,934"
"Aug-4-2021,41.54,42.26,41.54,42.26,777"
"Aug-5-2021,41.57,43.20,41.20,42.90,1,263"
"Aug-6-2021,43.90,44.57,42.68,43.12,1,142"
"Aug-9-2021,43.10,43.57,42.45,42.79,1,221"
"Aug-10-2021,44.39,45.03,44.22,44.66,886"
"Aug-11-2021,44.98,46.53,44.58,45.99,515"
"Aug-12-2021,46.15,46.53,45.33,45.87,768"
"Aug-13-2021,44.42,45.40,44.38,44.63,759"
"Aug-16-2021,46.25,48.22,46.25,47.99,421"
"Aug-17-2021,46.86,47.98,46.68,46.95,519"
"Aug-18-2021,46.40,47.53,42.80,45.39,630"
"Aug-19-2021,44.38,44.48,40.10,40.40,799"
"Aug-20-2021,41.57,42.63,40.90,41.94,520"
"Aug-23-2021,42.28,43.54,40.61,41.68,587"
"Aug-24-2021,43.63,45.07,43.63,44.87,160"
"Aug-25-2021,45.83,46.13,44.78,45.29,997"
"Aug-26-2021,44.22,45.85,44.20,45.79,317"
"Aug-27-2021,47.81,47.81,47.81,47.81,0"
"Aug-30-2021,48.85,49.43,48.70,49.68,90"
"Aug-31-2021,48.58,50.47,48.58,50.34,200"
"Sep-1-2021,52.25,52.90,49.60,50.23,2,047"
"Sep-2-2021,50.99,52.60,49.72,51.92,1,321"
"Sep-3-2021,51.80,52.55,51.29,51.51,1,289"
"Sep-7-2021,53.08,54.19,51.29,53.91,2,163"
"Sep-8-2021,54.18,55.58,53.56,55.29,1,427"
"Sep-9-2021,55.60,57.23,54.73,56.58,1,055"
"Sep-10-2021,56.00,58.00,55.78,57.92,1,180"
"Sep-13-2021,59.35,62.25,59.35,61.28,1,017"
"Sep-14-2021,64.55,66.40,64.55,65.77,1,133"
"Sep-15-2021,71.93,77.28,69.73,70.71,620"
"Sep-16-2021,68.54,68.54,60.76,63.25,338"
"Sep-17-2021,66.75,66.78,62.85,65.10,377"
"Sep-20-2021,65.73,75.38,69.81,75.32,346"
"Sep-21-2021,72.53,75.11,71.25,73.78,358"
"Sep-22-2021,70.10,72.66,69.93,71.69,709"
"Sep-23-2021,68.00,70.71,68.00,69.69,607"
"Sep-24-2021,68.30,70.89,68.26,70.24,349"
"Sep-27-2021,75.00,76.97,75.00,76.51,275"
"Sep-28-2021,83.00,84.15,78.95,78.57,78"
"Sep-29-2021,86.50,86.50,86.50,86.61,76"
"Sep-30-2021,94.92,96.30,93.18,97.78,51"
"Oct-1-2021,94.67,97.59,93.11,93.63,199"
"Oct-4-2021,96.40,99.76,94.24,96.65,171"
"Oct-5-2021,95.00,105.61,83.62,116.02,165"
"Oct-6-2021,131.03,132.93,101.56,108.19,183"
"Oct-7-2021,89.26,109.47,89.26,96.59,80"
"Oct-8-2021,95.00,95.68,83.70,87.61,147"
"Oct-11-2021,92.00,92.14,83.50,85.22,229"
"Oct-12-2021,86.31,87.40,85.00,85.70,598"
"Oct-13-2021,91.38,94.61,90.29,93.62,244"
"Oct-14-2021,102.15,102.26,96.73,102.17,76"
"Oct-15-2021,104.00,104.00,92.57,93.65,152"
"Oct-18-2021,89.35,100.40,89.35,93.94,37"
"Oct-19-2021,92.15,93.94,89.43,89.93,64"
"Oct-20-2021,94.40,94.40,92.75,93.45,21"
"Oct-21-2021,90.65,90.66,87.82,88.47,40"
"Oct-22-2021,88.61,88.70,87.00,87.34,94"
"Oct-25-2021,91.00,91.00,88.00,88.65,55"
"Oct-26-2021,90.15,90.20,87.80,88.50,56"
"Oct-27-2021,86.30,86.95,86.00,86.82,47"
"Oct-28-2021,78.00,80.60,78.00,77.03,31"
"Oct-29-2021,72.62,72.62,70.00,64.87,22"
"Nov-1-2021,63.59,65.75,63.59,65.62,10"
"Nov-2-2021,65.18,70.67,62.84,67.61,55"
"Nov-3-2021,73.52,80.05,73.52,76.54,70"
"Nov-4-2021,77.53,77.53,72.82,73.38,55"
"Nov-5-2021,73.16,74.64,73.03,74.03,75"
"Nov-8-2021,80.77,80.77,77.01,79.08,53"
"Nov-9-2021,76.50,76.90,74.01,72.59,30"
"Nov-10-2021,66.71,70.37,64.51,70.13,55"
"Nov-11-2021,72.00,75.10,72.00,74.79,14"
"Nov-12-2021,77.77,77.77,74.06,75.68,30"
"Nov-15-2021,78.30,82.10,78.29,79.95,50"
"Nov-16-2021,84.38,91.49,84.38,94.19,64"
"Nov-17-2021,97.99,99.85,95.09,95.01,50"
"Nov-18-2021,93.60,95.30,91.37,95.17,36"
"Nov-19-2021,91.13,91.13,86.00,87.13,6"
"Nov-22-2021,84.25,86.02,81.95,84.02,61"
"Nov-23-2021,86.95,91.40,86.95,90.93,35"
"Nov-24-2021,93.85,93.85,93.85,93.99,6"
"Nov-26-2021,92.45,94.40,87.75,87.77,75"
"Nov-29-2021,94.25,94.25,92.45,93.15,220"
"Nov-30-2021,98.00,98.00,95.02,92.52,27"
"Dec-1-2021,92.60,95.10,92.60,95.68,289"
"Dec-2-2021,91.60,92.46,89.20,94.83,169"
"Dec-3-2021,91.59,92.05,89.62,89.48,93"
"Dec-6-2021,86.60,90.28,86.60,89.93,92"
"Dec-7-2021,95.00,95.88,94.60,95.89,244"
"Dec-8-2021,98.60,103.84,98.60,101.50,364"
"Dec-9-2021,98.50,104.35,97.17,100.45,416"
"Dec-10-2021,101.61,107.75,100.83,105.78,243"
"Dec-13-2021,115.40,118.63,112.44,116.09,474"
"Dec-14-2021,118.95,129.07,116.78,128.30,635"
"Dec-15-2021,131.10,132.41,120.60,132.29,1,015"
"Dec-16-2021,128.71,143.00,126.19,142.77,847"
"Dec-17-2021,124.50,139.50,124.50,136.92,675"
"Dec-20-2021,140.82,148.51,139.40,146.93,410"
"Dec-21-2021,157.70,174.80,157.70,180.27,507"
"Dec-22-2021,174.30,176.66,172.72,172.88,44"
"Dec-23-2021,158.30,158.30,129.36,132.58,79"
"Dec-27-2021,100.00,105.50,100.00,106.90,11"
"Dec-28-2021,106.59,106.59,106.59,106.59,3"
"Dec-29-2021,99.00,104.60,99.00,96.48,67"
"Dec-30-2021,94.35,94.35,88.05,87.03,94"
"Dec-31-2021,82.00,82.00,67.37,70.35,82"
"Jan-3-2022,80.44,80.44,80.44,80.44,0"
"Jan-4-2022,85.00,96.63,85.00,88.74,306"
"Jan-5-2022,95.70,95.70,88.39,91.52,138"
"Jan-6-2022,95.27,97.02,93.30,96.50,74"
"Jan-7-2022,95.80,96.27,86.58,88.18,30"
"Jan-10-2022,86.50,90.40,84.46,84.61,74"
"Jan-11-2022,81.23,82.05,80.00,78.74,36"
"Jan-12-2022,82.25,82.25,73.40,75.16,87"
"Jan-13-2022,72.00,85.98,72.00,85.46,136"
"Jan-14-2022,89.00,91.80,85.70,86.97,120"
"Jan-18-2022,83.28,84.60,74.89,78.34,129"
"Jan-19-2022,73.95,76.50,71.42,75.60,47"
"Jan-20-2022,71.00,75.59,71.00,75.21,51"
"Jan-21-2022,74.77,81.82,74.77,78.98,50"
"Jan-24-2022,88.61,93.60,88.61,93.00,66"
"Jan-25-2022,92.39,95.51,92.39,93.58,49"
"Jan-26-2022,89.40,92.45,89.40,91.84,65"
"Jan-27-2022,92.25,92.90,90.31,92.30,327"
"Jan-28-2022,92.06,92.06,92.06,92.06,55"
"Jan-31-2022,84.85,84.85,84.85,84.67,1"
"Feb-1-2022,78.30,78.38,74.80,76.17,480"
"Feb-2-2022,77.15,79.10,76.29,77.35,379"
"Feb-3-2022,79.60,80.10,77.01,80.23,334"
"Feb-4-2022,81.47,82.45,81.47,82.65,101"
"Feb-7-2022,78.80,79.74,77.85,79.60,68"
"Feb-8-2022,81.48,82.00,75.48,77.30,321"
"Feb-9-2022,76.70,76.70,73.84,74.42,70"
"Feb-10-2022,74.03,74.68,72.47,74.36,154"
"Feb-11-2022,73.42,76.40,73.31,77.43,167"
"Feb-14-2022,83.60,83.60,79.70,80.77,302"
"Feb-15-2022,76.06,76.17,68.52,70.92,126"
"Feb-16-2022,69.10,71.00,68.97,69.80,104"
"Feb-17-2022,73.35,75.15,71.34,74.92,53"
"Feb-18-2022,72.98,73.90,70.57,73.76,46"
"Feb-22-2022,71.53,80.35,71.53,79.79,370"
"Feb-23-2022,83.18,88.00,83.18,88.89,42"
"Feb-24-2022,106.10,135.00,106.10,134.32,2"
"Feb-25-2022,94.42,94.42,94.42,94.42,95"
"Feb-28-2022,116.49,116.49,104.47,98.60,30"
"Mar-1-2022,103.67,119.27,103.67,121.68,429"
"Mar-2-2022,165.55,165.55,165.55,165.55,2"
"Mar-3-2022,148.00,148.00,147.49,160.83,14"
"Mar-4-2022,192.55,192.55,192.55,192.55,15"
"Mar-7-2022,227.20,227.20,227.20,227.20,11"
"Mar-8-2022,214.56,214.56,214.56,214.56,0"
"Mar-9-2022,155.88,155.88,155.88,155.88,0"
"Mar-10-2022,126.40,126.40,126.40,126.40,0"
"Mar-11-2022,131.23,131.23,131.23,131.23,0"
"Mar-14-2022,114.52,114.52,114.52,114.52,1"
"Mar-15-2022,121.69,121.69,121.69,115.44,1"
"Mar-16-2022,102.63,102.63,102.63,102.63,0"
"Mar-17-2022,110.50,110.50,105.25,105.09,22"
"Mar-18-2022,105.05,105.05,105.05,105.05,14"
"Mar-21-2022,98.72,98.72,98.72,96.30,5"
"Mar-22-2022,98.75,98.75,98.75,98.75,6"
"Mar-23-2022,117.00,117.00,117.00,117.00,0"
"Mar-24-2022,116.00,116.00,116.00,111.61,34"
"Mar-25-2022,101.27,101.27,101.27,101.27,36"
"Mar-28-2022,97.60,97.60,97.60,102.55,3"
"Mar-29-2022,108.38,108.38,108.38,108.38,380"
"Mar-30-2022,118.97,118.97,118.97,118.97,0"
"Mar-31-2022,125.91,125.91,125.91,125.91,0"
"Apr-1-2022,114.75,114.75,114.75,112.15,26"
"Apr-4-2022,109.53,109.53,109.53,109.53,5"
"Apr-5-2022,108.14,108.14,108.14,108.57,4"
"Apr-6-2022,106.79,106.79,106.79,106.79,0"
"Apr-7-2022,104.57,104.57,104.57,104.57,0"
"Apr-8-2022,103.88,103.88,103.88,103.88,0"
"Apr-11-2022,100.14,100.14,100.14,100.14,0"
"Apr-12-2022,103.75,103.75,103.75,102.22,1"
"Apr-13-2022,105.33,105.33,105.33,105.33,0"
"Apr-14-2022,95.62,95.62,95.62,95.62,0"
"Apr-18-2022,95.62,95.62,95.62,95.62,0"
"Apr-19-2022,93.77,93.77,93.77,93.77,0"
"Apr-20-2022,96.75,96.75,96.75,94.23,1"
"Apr-21-2022,100.06,100.06,100.06,100.06,0"
"Apr-22-2022,94.88,94.88,94.88,94.88,0"
"Apr-25-2022,92.84,92.84,92.84,92.84,0"
"Apr-26-2022,103.21,103.21,103.21,103.21,0"
"Apr-27-2022,107.43,107.43,107.43,107.43,0"
"Apr-28-2022,100.14,100.14,100.14,100.14,0"
"Apr-29-2022,99.45,99.45,99.45,99.45,0"
"May-2-2022,97.05,97.05,97.05,97.05,0"
"May-3-2022,99.43,99.43,99.43,99.43,0"
"May-4-2022,103.82,103.82,103.82,103.82,0"
"May-5-2022,106.51,106.51,106.51,106.51,0"
"May-6-2022,101.71,101.71,101.71,101.71,0"
"May-9-2022,96.32,96.32,95.00,93.79,52"
"May-10-2022,98.80,98.80,98.80,98.80,0"
"May-11-2022,94.01,94.01,94.01,94.01,0"
"May-12-2022,106.70,106.70,106.70,106.70,0"
"May-13-2022,96.88,96.88,96.88,96.88,0"
"May-16-2022,92.86,92.86,92.86,92.86,0"
"May-17-2022,94.18,94.18,94.18,94.18,0"
"May-18-2022,96.48,96.48,96.48,94.54,5"
"May-19-2022,91.03,91.03,91.03,91.03,0"
"May-20-2022,87.90,87.90,87.90,87.90,0"
"May-23-2022,85.22,85.22,85.22,83.29,5"
"May-24-2022,86.88,86.88,86.88,84.51,5"
"May-25-2022,85.63,86.13,84.84,88.08,46"
"May-26-2022,85.97,85.97,85.97,85.97,0"
"May-27-2022,86.25,86.25,86.25,86.88,10"
"May-31-2022,94.01,94.01,94.01,94.01,0"
"Jun-1-2022,85.55,85.55,85.55,85.55,0"
"Jun-2-2022,83.95,83.95,83.95,83.95,0"
"Jun-3-2022,83.10,83.10,83.10,83.10,0"
"Jun-6-2022,83.01,83.01,83.01,82.56,15"
"Jun-7-2022,80.41,81.02,80.41,79.61,12"
"Jun-8-2022,79.41,79.41,79.41,79.41,0"
"Jun-9-2022,84.88,84.88,84.88,84.88,0"
"Jun-10-2022,82.47,82.47,82.47,82.47,0"
"Jun-13-2022,83.40,83.40,83.40,83.40,0"
"Jun-14-2022,97.04,97.04,97.04,97.04,0"
"Jun-15-2022,120.33,120.33,120.33,120.33,0"
"Jun-16-2022,124.37,124.37,124.37,124.37,0"
"Jun-17-2022,117.74,117.74,117.74,117.74,0"
"Jun-21-2022,125.56,125.56,125.56,125.56,0"
"Jun-22-2022,127.17,127.17,127.17,127.17,0"
"Jun-23-2022,133.35,133.35,133.35,133.35,0"
"Jun-24-2022,128.51,128.51,128.51,128.51,0"
"Jun-27-2022,129.46,129.46,129.46,129.46,0"
"Jun-28-2022,129.18,129.18,129.18,129.18,0"
"Jun-29-2022,139.59,139.59,139.59,139.59,0"
"Jun-30-2022,144.52,144.52,144.52,144.52,0"
"Jul-1-2022,147.79,147.79,147.79,147.79,0"
"Jul-5-2022,165.08,165.08,165.08,165.08,0"
"Jul-6-2022,171.00,171.00,171.00,171.00,0"
"Jul-7-2022,183.19,183.19,183.19,183.19,0"
"Jul-8-2022,175.21,175.21,175.21,175.21,0"
"Jul-11-2022,164.52,164.52,164.52,164.52,0"
"Jul-12-2022,172.61,172.61,172.61,172.61,0"
"Jul-13-2022,180.51,180.51,180.51,180.51,0"
"Jul-14-2022,175.04,175.04,175.04,175.04,0"
"Jul-15-2022,159.57,159.57,159.57,159.57,0"
"Jul-18-2022,157.26,157.26,157.26,157.26,0"
"Jul-19-2022,154.46,154.46,154.46,154.46,0"
"Jul-20-2022,155.04,155.04,155.04,155.04,0"
"Jul-21-2022,155.60,155.60,155.60,155.60,0"
"Jul-22-2022,159.87,159.87,159.87,159.87,0"
"Jul-25-2022,176.62,176.62,176.62,176.62,0"
"Jul-26-2022,199.92,199.92,199.92,199.92,0"
"Jul-27-2022,205.23,205.23,205.23,205.23,0"
"Jul-28-2022,198.93,198.93,198.93,198.93,0"
"Jul-29-2022,190.92,190.92,190.92,190.92,0"
"Aug-1-2022,200.80,200.80,200.80,200.80,0"
"Aug-2-2022,205.18,205.18,205.18,205.18,0"
"Aug-3-2022,199.20,199.20,199.20,199.20,0"
"Aug-4-2022,199.25,199.25,199.25,199.25,0"
"Aug-5-2022,196.32,196.32,196.32,196.32,0"
"Aug-8-2022,193.06,193.06,193.06,193.06,0"
"Aug-9-2022,192.19,192.19,192.19,192.19,0"
"Aug-10-2022,205.37,205.37,205.37,205.37,0"
"Aug-11-2022,208.11,208.11,208.11,208.11,0"
"Aug-12-2022,206.11,206.11,206.11,206.11,0"
"Aug-15-2022,220.11,220.11,220.11,220.11,0"
"Aug-16-2022,225.92,225.92,225.92,225.92,0"
"Aug-17-2022,225.84,225.84,225.84,225.84,0"
"Aug-18-2022,241.01,241.01,241.01,241.01,0"
"Aug-19-2022,244.55,244.55,244.55,244.55,0"
"Aug-22-2022,276.75,276.75,276.75,276.75,0"
"Aug-23-2022,269.05,269.05,269.05,269.05,0"
"Aug-24-2022,292.15,292.15,292.15,292.15,0"
"Aug-25-2022,321.42,321.42,321.42,321.42,0"
"Aug-26-2022,339.20,339.20,339.20,339.20,0"
"Aug-29-2022,272.61,272.61,272.61,272.61,0"
"Aug-30-2022,252.94,252.94,252.94,252.94,0"
"Aug-31-2022,239.91,239.91,239.91,239.91,0"
"Sep-1-2022,243.01,243.01,243.01,243.01,0"
"Sep-2-2022,214.67,214.67,214.67,214.67,0"
"Sep-6-2022,239.84,239.84,239.84,239.84,0"
"Sep-7-2022,213.89,213.89,213.89,213.89,0"
"Sep-8-2022,220.54,220.54,220.54,220.54,0"
"Sep-9-2022,207.09,207.09,207.09,207.09,0"
"Sep-12-2022,190.59,190.59,190.59,190.59,0"
"Sep-13-2022,198.61,198.61,198.61,198.61,0"
"Sep-14-2022,217.88,217.88,217.88,217.88,0"
"Sep-15-2022,214.29,214.29,214.29,214.29,5"
"Sep-16-2022,187.80,187.80,187.80,187.80,0"
"Sep-19-2022,182.26,182.26,182.26,182.26,0"
"Sep-20-2022,194.26,194.26,194.26,194.26,0"
"Sep-21-2022,189.78,189.78,189.78,189.78,0"
"Sep-22-2022,187.47,187.47,187.47,187.47,0"
"Sep-23-2022,185.50,185.50,185.50,185.50,0"
"Sep-26-2022,173.84,173.84,173.84,173.84,0"
"Sep-27-2022,186.10,186.10,186.10,186.10,0"
"Sep-28-2022,207.19,207.19,207.19,207.19,0"
"Sep-29-2022,187.67,187.67,187.67,187.67,0"
"Sep-30-2022,188.80,188.80,188.80,188.80,0"
"Oct-3-2022,169.91,169.91,169.91,169.91,0"
"Oct-4-2022,161.95,161.95,161.95,161.95,0"
"Oct-5-2022,173.70,173.70,173.70,173.70,0"
"Oct-6-2022,175.71,175.71,175.71,175.71,0"
"Oct-7-2022,156.21,156.21,156.21,156.21,0"
"Oct-10-2022,154.12,154.12,154.12,154.12,0"
"Oct-11-2022,156.78,156.78,156.78,156.78,0"
"Oct-12-2022,160.19,160.19,160.19,160.19,0"
"Oct-13-2022,153.81,153.81,153.81,153.81,0"
"Oct-14-2022,142.00,142.00,142.00,142.00,0"
"Oct-17-2022,127.98,127.98,127.98,127.98,0"
"Oct-18-2022,113.22,113.22,113.22,113.22,0"
"Oct-19-2022,112.51,112.51,112.51,112.51,0"
"Oct-20-2022,127.15,127.15,127.15,127.15,0"
"Oct-21-2022,113.58,113.58,113.58,113.58,0"
"Oct-24-2022,99.17,99.17,99.17,99.17,0"
"Oct-25-2022,99.80,99.80,99.80,99.80,0"
"Oct-26-2022,104.32,104.32,104.32,104.32,0"
"Oct-27-2022,107.39,107.39,107.39,107.39,0"
"Oct-28-2022,112.24,112.24,112.24,112.24,0"
"Oct-31-2022,123.35,123.35,123.35,123.35,0"
"Nov-1-2022,116.20,116.20,116.20,116.20,0"
"Nov-2-2022,125.87,125.87,125.87,125.87,0"
"Nov-3-2022,125.45,125.45,125.45,125.45,0"
"Nov-4-2022,114.79,114.79,114.79,114.79,0"
"Nov-7-2022,109.69,109.69,109.69,109.69,0"
"Nov-8-2022,118.15,118.15,118.15,118.15,0"
"Nov-9-2022,113.15,113.15,113.15,113.15,0"
"Nov-10-2022,113.45,113.45,113.45,113.45,0"
"Nov-11-2022,97.86,97.86,97.86,97.86,0"
"Nov-14-2022,113.71,113.71,113.71,113.71,0"
"Nov-15-2022,124.11,124.11,124.11,124.11,0"
"Nov-16-2022,113.90,113.90,113.90,113.90,0"
"Nov-17-2022,112.56,112.56,112.56,112.56,0"
"Nov-18-2022,115.51,115.51,115.51,115.51,0"
"Nov-21-2022,116.13,116.13,116.13,116.13,0"
"Nov-22-2022,119.64,119.64,119.64,119.64,0"
"Nov-23-2022,129.62,129.62,129.62,129.62,0"
"Nov-25-2022,124.37,124.37,124.37,124.37,0"
"Nov-28-2022,123.28,123.28,123.28,123.28,0"
"Nov-29-2022,132.29,132.29,132.29,132.29,0"
"Nov-30-2022,146.40,146.40,146.40,146.40,0"
"Dec-1-2022,139.26,139.26,139.26,139.26,0"
"Dec-2-2022,135.56,135.56,135.56,135.56,0"
"Dec-5-2022,134.70,134.70,134.70,134.70,0"
"Dec-6-2022,138.49,138.49,138.49,138.49,0"
"Dec-7-2022,149.25,149.25,149.25,149.25,0"
"Dec-8-2022,138.90,138.90,138.90,138.90,0"
"Dec-9-2022,139.12,139.12,139.12,139.12,0"
"Dec-12-2022,136.59,136.59,136.59,136.59,0"
"Dec-13-2022,137.53,137.53,137.53,137.53,0"
"Dec-14-2022,131.51,131.51,131.51,131.51,0"
"Dec-15-2022,134.77,134.77,134.77,134.77,0"
"Dec-16-2022,115.45,115.45,115.45,115.45,0"
"Dec-19-2022,108.55,108.55,108.55,108.55,0"
"Dec-20-2022,105.69,105.69,105.69,105.69,0"
"Dec-21-2022,97.75,97.75,97.75,97.75,0"
"Dec-22-2022,91.94,91.94,91.94,91.94,0"
"Dec-23-2022,82.98,82.98,82.98,82.98,0"
"Dec-27-2022,80.05,80.05,80.05,80.05,0"
"Dec-28-2022,81.35,81.35,81.35,81.35,0"
"Dec-29-2022,83.83,83.83,83.83,83.83,0"
"Dec-30-2022,76.32,76.32,76.32,76.32,0"
"Jan-3-2023,72.32,72.32,72.32,72.32,0"
"Jan-4-2023,65.02,65.02,65.02,65.02,0"
"Jan-5-2023,72.42,72.42,72.42,72.42,0"
"Jan-6-2023,72.00,76.00,68.00,69.54,7"
"Jan-9-2023,71.05,75.40,70.10,74.30,6"
"Jan-10-2023,73.00,76.00,70.20,70.07,17"
"Jan-11-2023,67.60,67.60,65.50,65.35,6"
"Jan-12-2023,69.60,69.60,67.60,66.81,5"
"Jan-13-2023,66.30,66.30,62.80,64.81,7"
"Jan-17-2023,65.00,65.00,54.50,60.06,7"
"Jan-18-2023,60.00,62.20,60.00,61.71,11"
"Jan-19-2023,60.30,61.10,60.30,60.72,17"
"Jan-20-2023,66.50,66.50,66.50,66.90,1"
"Jan-23-2023,65.20,65.20,64.60,66.00,2"
"Jan-24-2023,58.27,58.27,58.27,58.27,0"
"Jan-25-2023,57.25,57.25,56.60,56.66,4"
"Jan-26-2023,56.60,56.60,56.60,54.82,1"
"Jan-27-2023,53.50,53.50,53.00,55.43,6"
"Jan-30-2023,56.85,56.85,55.50,55.16,7"
"Jan-31-2023,60.20,60.20,57.40,57.35,9"
"Feb-1-2023,57.40,58.20,57.40,59.53,3"
"Feb-2-2023,57.10,57.10,56.70,57.04,3"
"Feb-3-2023,58.00,59.20,57.90,57.89,8"
"Feb-6-2023,58.11,58.11,58.11,58.11,0"
"Feb-7-2023,57.40,57.70,55.50,55.41,6"
"Feb-8-2023,53.69,53.69,53.69,53.69,0"
"Feb-9-2023,52.74,52.74,52.74,52.74,0"
"Feb-10-2023,53.25,53.25,53.25,53.95,2"
"Feb-13-2023,51.71,51.71,51.71,51.71,0"
"Feb-14-2023,52.00,52.00,52.00,52.39,1"
"Feb-15-2023,54.20,54.20,54.20,54.72,1"
"Feb-16-2023,54.00,54.00,54.00,52.01,11"
"Feb-17-2023,49.70,49.70,49.50,49.05,2"
"Feb-21-2023,50.80,50.80,50.80,48.54,1"
"Feb-22-2023,50.57,50.57,50.57,50.57,0"
"Feb-23-2023,50.78,50.78,50.78,50.78,0"
"Feb-24-2023,51.02,51.02,51.02,51.02,0"
"Feb-27-2023,47.30,47.30,47.30,47.30,0"
"Feb-28-2023,48.00,48.00,46.70,46.67,4"
"Mar-1-2023,47.25,48.20,47.00,47.09,5"
"Mar-2-2023,47.50,47.50,47.30,46.82,3"
"Mar-3-2023,45.65,46.29,45.08,44.98,8"
"Mar-6-2023,43.30,43.30,41.70,42.15,14"
"Mar-7-2023,42.80,43.65,42.80,43.37,24"
"Mar-8-2023,44.60,44.60,44.60,42.34,33"
"Mar-9-2023,41.15,41.15,41.15,43.60,4"
"Mar-10-2023,48.00,54.23,45.30,52.86,33"
"Mar-13-2023,49.25,51.83,48.80,49.59,36"
"Mar-14-2023,46.75,46.75,44.55,44.19,141"
"Mar-15-2023,43.85,43.90,42.65,42.91,15"
"Mar-16-2023,42.00,44.65,42.00,44.34,42"
"Mar-17-2023,43.80,44.00,42.32,42.86,135"
"Mar-20-2023,40.10,40.70,38.86,39.33,69"
"Mar-21-2023,38.99,41.50,38.99,42.40,53"
"Mar-22-2023,41.55,41.55,39.95,39.98,107"
"Mar-23-2023,42.60,43.81,42.25,43.19,193"
"Mar-24-2023,41.75,41.75,41.75,41.10,6"
"Mar-27-2023,42.53,42.53,42.53,42.53,0"
"Mar-28-2023,42.83,42.83,42.83,42.75,10"
"Mar-29-2023,42.81,42.81,42.81,42.81,0"
"Mar-30-2023,43.61,43.61,43.61,43.61,2"
"Mar-31-2023,44.95,44.95,44.95,47.85,6"
"Apr-3-2023,49.90,51.84,49.90,51.37,79"
"Apr-4-2023,48.95,48.95,45.83,46.57,132"
"Apr-5-2023,46.60,47.20,44.40,44.58,105"
"Apr-6-2023,43.77,44.00,42.90,43.13,74"
"Apr-10-2023,43.13,43.13,43.13,43.13,0"
"Apr-11-2023,43.10,44.37,42.43,43.69,94"
"Apr-12-2023,43.30,43.90,42.94,42.88,94"
"Apr-13-2023,42.60,42.61,41.95,42.10,159"
"Apr-14-2023,41.05,41.88,41.05,41.15,283"
"Apr-17-2023,42.19,42.19,41.05,41.13,269"
"Apr-18-2023,41.51,42.99,41.51,42.72,137"
"Apr-19-2023,42.43,42.43,39.81,40.30,212"
"Apr-20-2023,40.40,41.02,40.40,40.57,326"
"Apr-21-2023,40.65,41.15,39.95,40.17,26"
"Apr-24-2023,39.93,39.93,39.93,39.93,0"
"Apr-25-2023,39.84,39.84,39.84,39.84,0"
"Apr-26-2023,38.55,38.55,38.55,38.55,0"
"Apr-27-2023,39.04,39.04,39.04,39.04,16"
"Apr-28-2023,39.80,39.80,38.30,38.54,3"
"May-1-2023,38.84,38.84,38.84,38.84,10"
"May-2-2023,37.86,38.05,37.28,37.53,244"
"May-3-2023,37.50,37.50,36.40,36.78,407"
"May-4-2023,36.95,36.95,35.70,35.66,452"
"May-5-2023,35.93,36.79,35.93,36.58,337"
"May-8-2023,36.85,37.25,36.85,36.88,33"
"May-9-2023,36.63,36.91,35.80,35.95,262"
"May-10-2023,35.70,36.00,34.74,35.00,213"
"May-11-2023,34.90,35.16,34.67,35.00,426"
"May-12-2023,33.95,33.95,32.35,32.77,429"
"May-15-2023,32.31,33.60,32.00,32.32,278"
"May-16-2023,32.35,32.93,31.64,31.82,443"
"May-17-2023,32.60,32.60,32.18,31.96,153"
"May-18-2023,29.99,29.99,29.98,29.79,94"
"May-19-2023,30.18,30.18,30.18,30.18,0"
"May-22-2023,30.20,30.20,30.20,29.71,171"
"May-23-2023,29.13,29.13,29.13,29.13,40"
"May-24-2023,28.63,28.63,28.63,27.79,51"
"May-25-2023,26.90,26.90,25.29,25.45,43"
"May-26-2023,25.44,25.44,23.79,24.52,100"
"May-30-2023,24.68,24.68,24.68,24.68,0"
"May-31-2023,25.50,27.95,25.50,26.85,38"
"Jun-1-2023,25.20,25.20,23.43,23.11,195"
"Jun-2-2023,23.75,23.85,23.13,23.69,299"
"Jun-5-2023,24.25,28.70,24.25,28.48,78"
"Jun-6-2023,28.30,28.30,24.78,24.86,329"
"Jun-7-2023,25.35,26.99,25.20,26.33,735"
"Jun-8-2023,26.55,28.50,26.05,26.95,417"
"Jun-9-2023,27.15,33.02,27.15,32.05,284"
"Jun-12-2023,31.61,32.05,29.40,31.04,203"
"Jun-13-2023,33.65,35.15,33.65,36.05,35"
"Jun-14-2023,34.13,40.06,34.13,38.31,190"
"Jun-15-2023,37.35,43.53,37.35,41.15,184"
"Jun-16-2023,34.55,37.05,32.40,35.01,100"
"Jun-20-2023,32.65,39.35,31.88,38.71,310"
"Jun-21-2023,36.80,38.96,36.77,36.75,2,087"
"Jun-22-2023,36.90,36.94,34.06,34.10,531"
"Jun-23-2023,32.64,33.00,32.39,32.51,274"
"Jun-26-2023,34.31,34.31,34.16,31.98,77"
"Jun-27-2023,32.91,32.91,32.35,34.51,57"
"Jun-28-2023,33.80,34.40,33.80,34.13,30"
"Jun-29-2023,32.30,33.05,32.30,35.18,40"
"Jun-30-2023,35.20,37.65,35.20,37.10,132"
"Jul-3-2023,37.82,37.82,34.00,33.93,401"
"Jul-5-2023,33.83,36.11,33.81,34.38,303"
"Jul-6-2023,33.24,33.24,32.30,32.35,1,410"
"Jul-7-2023,33.30,33.59,32.71,33.48,256"
"Jul-10-2023,32.83,32.83,29.56,30.23,767"
"Jul-11-2023,29.93,29.93,28.91,29.06,540"
"Jul-12-2023,28.46,28.58,26.32,26.64,1,543"
"Jul-13-2023,26.89,27.55,26.23,26.61,370"
"Jul-14-2023,27.57,28.70,25.11,25.96,1,817"
"Jul-17-2023,24.47,25.79,24.47,25.10,3,052"
"Jul-18-2023,26.00,27.50,25.27,27.07,1,764"
"Jul-19-2023,27.16,28.13,25.59,26.97,881"
"Jul-20-2023,25.54,27.92,25.54,28.02,483"
"Jul-21-2023,30.00,30.53,28.62,28.16,221"
"Jul-24-2023,28.15,30.43,28.15,30.56,281"
"Jul-25-2023,30.22,32.87,30.22,32.65,283"
"Jul-26-2023,32.78,32.78,29.07,29.28,639"
"Jul-27-2023,29.25,29.45,28.11,28.44,448"
"Jul-28-2023,27.28,27.28,26.05,25.84,1,286"
"Jul-31-2023,27.81,28.93,27.17,28.37,622"
"Aug-1-2023,29.12,29.12,26.98,27.13,2,036"
"Aug-2-2023,27.30,29.16,27.30,28.74,2,301"
"Aug-3-2023,29.88,31.35,29.68,30.48,2,083"
"Aug-4-2023,29.50,29.79,28.65,28.85,1,454"
"Aug-7-2023,29.80,31.07,29.55,30.49,1,380"
"Aug-8-2023,29.81,31.70,29.79,31.07,821"
"Aug-9-2023,33.15,43.25,33.15,39.83,668"
"Aug-10-2023,37.10,39.47,36.59,37.06,1,296"
"Aug-11-2023,37.00,37.03,35.18,35.30,665"
"Aug-14-2023,36.65,36.66,33.73,34.44,461"
"Aug-15-2023,36.84,40.50,36.20,38.82,1,701"
"Aug-16-2023,41.83,41.83,37.16,37.79,1,424"
"Aug-17-2023,37.15,39.33,36.33,36.83,594"
"Aug-18-2023,36.27,37.75,35.69,36.41,545"
"Aug-21-2023,38.58,40.87,38.48,40.78,430"
"Aug-22-2023,39.36,44.70,39.36,42.91,5,920"
"Aug-23-2023,41.65,42.50,36.48,36.79,719"
"Aug-24-2023,33.17,33.48,31.73,31.94,499"
"Aug-25-2023,34.30,35.70,33.56,34.78,449"
"Aug-28-2023,35.50,38.48,35.50,38.42,105"
"Aug-29-2023,36.89,36.89,34.81,35.20,1,953"
"Aug-30-2023,34.43,36.10,34.43,35.99,3,143"
"Aug-31-2023,39.00,39.00,34.82,35.03,2,848"
"Sep-1-2023,35.75,37.16,34.32,35.62,3,052"
"Sep-5-2023,36.25,37.00,32.93,34.45,3,024"
"Sep-6-2023,33.68,34.10,30.80,31.08,2,975"
"Sep-7-2023,30.96,33.11,30.57,32.76,187"
"Sep-8-2023,35.09,36.86,33.99,34.51,1,926"
"Sep-11-2023,36.54,37.71,35.61,35.85,1,664"
"Sep-12-2023,35.13,36.58,34.34,34.70,1,240"
"Sep-13-2023,35.27,37.98,35.27,36.82,1,868"
"Sep-14-2023,37.45,37.72,35.18,35.52,2,223"
"Sep-15-2023,35.13,36.71,34.82,36.49,2,236"
"Sep-18-2023,34.50,35.82,33.95,34.48,2,546"
"Sep-19-2023,34.25,37.49,34.05,36.78,1,535"
"Sep-20-2023,38.58,39.27,35.68,37.29,2,595"
"Sep-21-2023,35.70,39.34,35.70,39.11,4,217"
"Sep-22-2023,39.92,41.74,39.46,39.79,2,931"
"Sep-25-2023,39.48,44.73,39.48,44.44,486"
"Sep-26-2023,42.85,42.98,39.30,40.32,828"
"Sep-27-2023,39.00,39.80,38.72,39.30,339"
"Sep-28-2023,40.63,41.60,39.50,39.74,1,780"
"Sep-29-2023,43.00,43.00,41.23,41.86,2,016"
"Oct-2-2023,40.61,40.61,38.56,39.34,1,432"
"Oct-3-2023,37.89,37.89,35.88,36.99,1,976"
"Oct-4-2023,37.60,38.65,36.97,38.44,1,342"
"Oct-5-2023,37.62,37.62,36.05,36.21,1,067"
"Oct-6-2023,36.00,38.52,35.92,38.23,2,784"
"Oct-9-2023,41.17,44.54,40.62,43.96,864"
"Oct-10-2023,46.01,49.73,45.23,49.46,2,089"
"Oct-11-2023,48.69,49.53,45.68,46.07,3,008"
"Oct-12-2023,45.80,53.17,45.35,53.00,1,726"
"Oct-13-2023,53.31,55.67,51.19,53.98,520"
"Oct-16-2023,52.67,52.99,48.26,48.47,691"
"Oct-17-2023,48.21,49.39,46.41,48.90,203"
"Oct-18-2023,48.90,51.58,47.65,50.84,390"
"Oct-19-2023,48.93,50.61,46.84,50.17,581"
"Oct-20-2023,52.85,52.85,49.51,51.11,1,686"
"Oct-23-2023,48.23,51.61,48.23,51.28,192"
"Oct-24-2023,50.60,53.03,48.49,49.27,2,201"
"Oct-25-2023,50.28,51.11,48.91,49.93,797"
"Oct-26-2023,51.00,52.20,49.51,50.81,2,153"
"Oct-27-2023,51.00,51.60,49.85,50.53,226"
"Oct-30-2023,54.43,54.43,50.90,50.55,40"
"Oct-31-2023,51.49,51.96,47.65,48.01,2,901"
"Nov-1-2023,46.59,48.95,46.45,47.76,3,915"
"Nov-2-2023,48.18,49.35,46.23,48.57,2,264"
"Nov-3-2023,49.23,50.37,46.96,48.06,2,334"
"Nov-6-2023,47.00,47.00,44.70,44.83,2,335"
"Nov-7-2023,45.24,47.05,45.01,46.06,2,222"
"Nov-8-2023,45.75,46.21,45.00,45.78,908"
"Nov-9-2023,45.01,49.06,45.01,48.13,1,555"
"Nov-10-2023,47.05,47.36,45.74,46.63,268"
"Nov-13-2023,45.94,48.00,44.57,47.88,195"
"Nov-14-2023,46.90,48.00,46.07,47.61,1,538"
"Nov-15-2023,48.50,49.38,46.49,47.04,349"
"Nov-16-2023,46.47,47.82,45.49,45.85,239"
"Nov-17-2023,46.10,46.75,44.85,45.06,285"
"Nov-20-2023,47.04,47.52,45.21,45.82,849"
"Nov-21-2023,46.18,46.18,43.21,44.07,1,487"
"Nov-22-2023,44.05,45.13,43.36,44.62,248"
"Nov-24-2023,46.25,47.18,44.93,46.66,355"
"Nov-27-2023,45.05,45.05,43.74,43.99,1,244"
"Nov-28-2023,44.10,44.10,42.07,42.78,4,863"
"Nov-29-2023,41.28,41.28,39.57,40.36,219"
"Nov-30-2023,40.44,43.03,40.38,42.09,1,661"
"Dec-1-2023,42.80,44.12,41.75,43.50,1,009"
"Dec-4-2023,41.82,41.90,39.91,40.11,852"
"Dec-5-2023,39.46,39.92,37.94,38.14,2,351"
"Dec-6-2023,39.00,39.78,38.92,39.32,1,323"
"Dec-7-2023,39.80,40.89,39.61,39.97,82"
"Dec-8-2023,41.28,41.65,38.60,38.60,143"
"Dec-11-2023,36.35,37.16,35.95,36.12,1,187"
"Dec-12-2023,36.43,36.54,34.54,34.71,850"
"Dec-13-2023,34.68,36.25,34.68,35.81,2,335"
"Dec-14-2023,36.65,36.65,34.59,34.85,413"
"Dec-15-2023,33.90,34.43,33.01,33.19,215"
"Dec-18-2023,33.64,37.39,32.47,35.52,2,614"
"Dec-19-2023,34.33,34.33,32.18,32.57,584"
"Dec-20-2023,34.56,34.56,32.91,33.52,694"
"Dec-21-2023,34.27,36.25,33.97,34.21,655"
"Dec-22-2023,34.56,34.67,33.48,34.17,704"
"Dec-26-2023,34.18,34.18,34.18,34.18,0"
"Dec-27-2023,36.88,36.88,35.50,35.52,628"
"Dec-28-2023,34.02,34.02,34.01,33.11,1,002"
"Dec-29-2023,33.55,34.07,31.64,32.35,209"
"Jan-2-2024,33.40,33.40,30.07,30.57,317"
"Jan-3-2024,30.49,33.21,30.49,32.80,1,717"
"Jan-4-2024,33.58,33.92,32.13,33.41,1,119"
"Jan-5-2024,32.46,35.05,32.46,34.55,478"
"Jan-8-2024,33.75,33.95,31.32,31.58,1,341"
"Jan-9-2024,30.41,31.80,30.23,30.64,504"
"Jan-10-2024,31.15,31.45,30.33,30.94,490"
"Jan-11-2024,30.70,31.00,30.24,30.82,410"
"Jan-12-2024,31.46,32.20,30.93,31.99,1,418"
"Jan-16-2024,31.31,31.54,29.32,29.66,899"
"Jan-17-2024,29.14,29.60,27.44,27.71,218"
"Jan-18-2024,27.68,28.71,27.55,27.90,381"
"Jan-19-2024,28.60,29.13,28.18,28.43,290"
"Jan-22-2024,27.11,27.80,26.76,27.27,349"
"Jan-23-2024,27.38,27.78,26.73,27.23,921"
"Jan-24-2024,27.46,29.13,27.45,28.93,629"
"Jan-25-2024,28.80,29.22,27.49,27.79,123"
"Jan-26-2024,27.14,27.98,26.84,28.08,62"
"Jan-29-2024,28.54,28.95,28.16,28.18,205"
"Jan-30-2024,28.05,28.55,28.05,29.39,88"
"Jan-31-2024,29.49,31.05,29.18,30.24,204"
"Feb-1-2024,30.14,30.72,28.80,28.99,1,041"
"Feb-2-2024,28.63,29.54,28.63,29.31,1,461"
"Feb-5-2024,29.85,29.85,28.08,28.34,477"
"Feb-6-2024,28.42,29.20,27.80,28.61,334"
"Feb-7-2024,28.23,28.85,28.01,28.19,284"
"Feb-8-2024,28.15,28.51,27.67,27.81,585"
"Feb-9-2024,27.26,27.45,26.65,27.12,266"
"Feb-12-2024,26.18,26.33,25.63,25.73,520"
"Feb-13-2024,26.15,26.50,25.25,25.44,808"
"Feb-14-2024,25.11,25.42,24.56,24.86,820"
"Feb-15-2024,24.85,25.70,24.81,24.97,425"
"Feb-16-2024,25.20,25.20,24.42,24.82,445"
"Feb-20-2024,24.36,24.69,23.43,24.17,578"
"Feb-21-2024,24.10,24.25,23.66,23.98,476"
"Feb-22-2024,23.98,23.98,22.75,23.20,349"
"Feb-23-2024,22.77,23.45,22.65,22.93,122"
"Feb-26-2024,23.20,24.20,23.08,24.01,117"
"Feb-27-2024,23.25,24.75,23.25,24.39,110"
"Feb-28-2024,25.63,25.65,25.32,25.62,10"
"Feb-29-2024,25.55,25.55,24.80,24.87,169"
"Mar-1-2024,25.28,25.90,25.13,25.81,577"
"Mar-4-2024,25.20,27.28,24.87,26.89,381"
"Mar-5-2024,26.66,28.69,26.66,27.47,465"
"Mar-6-2024,27.07,28.56,26.15,26.57,287"
"Mar-7-2024,26.02,26.93,25.76,25.99,183"
"Mar-8-2024,26.34,26.79,25.98,26.39,355"
"Mar-11-2024,25.97,26.47,24.76,24.93,446"
"Mar-12-2024,25.01,25.01,24.36,24.78,301"
"Mar-13-2024,25.10,25.43,24.56,24.91,235"
"Mar-14-2024,24.68,26.60,24.68,26.05,511"
"Mar-15-2024,26.26,27.30,26.00,27.03,1,147"
"Mar-18-2024,28.03,29.15,28.03,28.82,756"
"Mar-19-2024,28.90,29.68,27.80,28.87,368"
"Mar-20-2024,28.39,28.75,27.42,27.74,621"
"Mar-21-2024,27.05,27.39,26.35,26.40,290"
"Mar-22-2024,26.53,27.88,26.53,27.78,398"
"Mar-25-2024,28.83,29.07,28.07,28.49,127"
"Mar-26-2024,27.61,28.11,27.15,27.13,563"
"Mar-27-2024,27.35,27.35,27.15,27.69,30"
"Mar-28-2024,27.55,28.13,27.20,27.34,340"
"Apr-1-2024,27.34,27.34,27.34,27.34,0"
"Apr-2-2024,27.35,27.50,26.05,26.21,714"
"Apr-3-2024,25.70,25.96,25.19,25.57,1,769"
"Apr-4-2024,25.69,26.56,25.52,26.21,1,347"
"Apr-5-2024,26.56,27.03,26.07,26.61,460"
"Apr-8-2024,26.50,28.21,26.46,27.91,895"
"Apr-9-2024,27.96,28.57,27.18,27.35,671"
"Apr-10-2024,27.53,27.87,26.83,27.10,1,460"
"Apr-11-2024,27.75,29.69,27.65,29.38,1,133"
"Apr-12-2024,29.57,30.98,28.95,30.73,1,278"
"Apr-15-2024,31.23,31.56,29.85,31.15,530"
"Apr-16-2024,32.02,33.71,31.85,33.14,719"
"Apr-17-2024,33.70,33.70,31.20,31.29,543"
"Apr-18-2024,30.98,32.62,30.39,32.31,700"
"Apr-19-2024,33.62,33.72,30.58,30.76,644"
"Apr-22-2024,29.85,30.43,29.08,29.31,383"
"Apr-23-2024,28.97,29.91,28.40,28.42,171"
"Apr-24-2024,29.12,29.33,28.20,29.02,228"
"Apr-25-2024,29.65,30.65,29.36,29.77,90"
"Apr-26-2024,29.87,30.27,29.27,28.89,66"
"Apr-29-2024,27.99,27.99,27.99,27.99,4"
"Apr-30-2024,28.45,29.51,28.45,29.12,425"
"May-1-2024,28.70,29.06,28.48,28.73,794"
"May-2-2024,28.53,31.18,28.53,30.92,1,619"
"May-3-2024,30.71,31.78,30.05,30.53,1,085"
"May-6-2024,30.72,32.18,30.72,31.80,1,101"
"May-7-2024,31.60,32.15,30.57,31.07,1,814"
"May-8-2024,30.59,31.05,30.05,30.61,1,373"
"May-9-2024,30.84,31.50,30.44,30.87,1,087"
"May-10-2024,30.74,31.57,29.66,30.03,1,249"
"May-13-2024,29.60,29.88,29.17,29.58,1,212"
"May-14-2024,29.77,30.20,29.33,29.67,1,493"
"May-15-2024,29.59,30.55,29.50,29.74,1,354"
"May-16-2024,29.51,30.75,29.51,30.25,1,150"
"May-17-2024,30.88,31.02,30.25,30.77,806"
"May-20-2024,31.32,32.17,31.25,31.77,838"
"May-21-2024,31.63,33.21,31.33,33.01,785"
"May-22-2024,32.88,34.75,32.83,34.39,1,013"
"May-23-2024,34.62,36.17,33.86,35.23,1,226"
"May-24-2024,35.60,35.60,33.50,34.12,756"
"May-28-2024,34.41,34.80,33.38,33.54,159"
"May-29-2024,34.14,34.30,33.40,33.88,167"
"May-30-2024,33.88,34.55,33.60,35.19,62"
"May-31-2024,35.28,35.70,34.13,34.22,370"
"Jun-3-2024,36.23,38.50,35.70,36.02,427"
"Jun-4-2024,36.08,36.48,33.69,33.80,931"
"Jun-5-2024,33.75,34.38,33.18,33.36,1,080"
"Jun-6-2024,33.23,34.15,32.96,33.69,428"
"Jun-7-2024,32.89,33.41,32.82,33.11,363"
"Jun-10-2024,33.01,34.68,32.43,34.26,617"
"Jun-11-2024,33.68,35.34,33.58,34.29,263"
"Jun-12-2024,34.06,36.03,33.93,35.30,426"
"Jun-13-2024,35.67,36.75,35.56,35.73,396"
"Jun-14-2024,35.38,36.05,34.85,35.36,407"
"Jun-17-2024,35.40,35.40,34.20,34.21,412"
"Jun-18-2024,34.28,35.05,34.28,34.70,604"
"Jun-20-2024,34.53,35.69,34.25,34.47,894"
"Jun-21-2024,34.40,34.56,33.87,33.94,522"
"Jun-24-2024,33.80,34.55,33.80,34.08,213"
"Jun-25-2024,34.33,34.88,34.33,34.86,172"
"Jun-26-2024,35.15,35.15,34.85,33.83,77"
"Jun-27-2024,34.13,34.25,34.13,34.57,3"
"Jun-28-2024,34.68,34.75,34.05,34.48,457"
"Jul-1-2024,34.50,34.95,33.42,33.49,208"
"Jul-2-2024,33.53,33.87,33.18,33.69,668"
"Jul-3-2024,33.25,33.39,32.65,32.69,1,244"
"Jul-5-2024,32.51,33.80,32.42,33.07,790"
"Jul-8-2024,33.20,33.70,32.05,32.29,1,010"
"Jul-9-2024,32.18,32.18,30.95,31.34,1,054"
"Jul-10-2024,31.25,31.70,30.64,30.79,1,395"
"Jul-11-2024,30.85,31.41,30.41,31.11,849"
"Jul-12-2024,31.27,32.29,30.92,31.72,899"
"Jul-15-2024,31.86,31.93,31.08,31.37,796"
"Jul-16-2024,31.50,33.02,31.50,32.80,386"
"Jul-17-2024,32.91,33.25,31.60,31.90,751"
"Jul-18-2024,31.84,32.76,31.82,32.68,199"
"Jul-19-2024,32.53,32.53,31.73,32.17,223"
"Jul-22-2024,31.80,31.95,31.20,31.84,347"
"Jul-23-2024,31.62,31.83,31.34,31.62,1,115"
"Jul-24-2024,31.53,32.95,31.52,32.62,655"
"Jul-25-2024,32.38,32.38,31.69,31.78,745"
"Jul-26-2024,32.14,32.78,32.14,32.48,70"
"Jul-29-2024,33.48,33.93,33.35,33.88,82"
"Jul-30-2024,33.74,34.30,33.74,34.36,14"
"Jul-31-2024,35.74,35.95,35.11,35.87,292"
"Aug-1-2024,36.14,37.02,35.81,36.97,817"
"Aug-2-2024,36.67,37.09,36.07,36.65,945"
"Aug-5-2024,36.77,36.77,34.83,35.50,708"
"Aug-6-2024,36.25,37.03,36.06,36.68,426"
"Aug-7-2024,36.76,38.76,35.94,38.45,998"
"Aug-8-2024,38.62,40.30,38.20,40.10,1,074"
"Aug-9-2024,40.04,40.72,39.58,40.40,840"
"Aug-12-2024,39.63,42.86,39.27,39.66,1,288"
"Aug-13-2024,39.40,40.40,38.80,39.48,853"
"Aug-14-2024,39.57,40.18,38.66,38.97,847"
"Aug-15-2024,39.10,39.91,38.84,39.60,680"
"Aug-16-2024,39.69,40.06,39.19,39.65,632"
"Aug-19-2024,39.27,40.40,39.11,39.85,738"
"Aug-20-2024,39.30,40.08,37.62,37.96,775"
"Aug-21-2024,37.91,38.47,36.91,37.01,566"
"Aug-22-2024,37.23,37.57,36.20,36.59,540"
"Aug-23-2024,36.98,37.32,36.15,36.87,532"
"Aug-26-2024,36.78,37.86,36.18,37.66,107"
"Aug-27-2024,37.48,38.90,37.41,38.69,191"
"Aug-28-2024,39.30,39.30,38.70,38.52,7"
"Aug-29-2024,38.55,38.99,38.15,38.60,40"
"Aug-30-2024,38.99,40.24,38.85,39.83,396"
"Sep-3-2024,39.85,39.85,36.99,37.20,473"
"Sep-4-2024,36.82,37.00,35.61,35.80,565"
"Sep-5-2024,35.71,36.71,35.61,36.20,847"
"Sep-6-2024,37.05,37.54,36.35,36.48,545"
"Sep-9-2024,36.90,37.48,36.35,37.34,337"
"Sep-10-2024,37.40,37.85,34.90,35.28,547"
"Sep-11-2024,35.45,36.30,34.89,36.14,422"
"Sep-12-2024,35.83,35.85,34.85,35.19,443"
"Sep-13-2024,35.41,36.18,35.15,35.65,485"
"Sep-16-2024,35.11,35.15,33.97,34.08,332"
"Sep-17-2024,34.15,35.75,34.13,35.55,266"
"Sep-18-2024,35.19,35.75,34.71,35.25,229"
"Sep-19-2024,35.98,36.70,32.53,33.08,650"
"Sep-20-2024,34.49,35.08,33.87,34.44,214"
"Sep-23-2024,34.90,36.30,34.57,36.21,253"
"Sep-24-2024,35.41,35.41,35.41,35.41,207"
"Sep-25-2024,36.37,37.51,36.15,37.32,76"
"Sep-26-2024,37.03,37.92,36.70,37.89,100"
"Sep-27-2024,37.28,38.13,37.28,38.11,18"
"Sep-30-2024,39.21,39.27,38.71,39.04,142"
"Oct-1-2024,38.40,39.60,37.45,39.27,205"
"Oct-2-2024,39.90,39.90,38.43,38.62,226"
"Oct-3-2024,38.40,39.83,38.15,39.91,196"
"Oct-4-2024,39.63,41.17,39.38,40.98,133"
"Oct-7-2024,40.21,40.95,39.51,40.24,207"
"Oct-8-2024,40.18,40.18,38.70,38.92,264"
"Oct-9-2024,38.41,39.16,38.10,38.34,253"
"Oct-10-2024,38.41,40.35,38.41,40.29,274"
"Oct-11-2024,39.87,40.58,39.52,39.88,217"
"Oct-14-2024,39.32,40.71,39.24,40.56,116"
"Oct-15-2024,39.85,40.09,38.98,39.97,118"
"Oct-16-2024,40.21,40.26,39.16,39.24,155"
"Oct-17-2024,39.45,40.03,39.31,39.65,135"
"Oct-18-2024,39.74,39.74,39.11,39.20,209"
"Oct-21-2024,39.81,40.22,39.65,40.02,199"
"Oct-22-2024,39.93,41.01,39.79,40.70,215"
"Oct-23-2024,40.80,41.75,40.65,41.38,388"
"Oct-24-2024,41.85,42.63,41.75,42.15,323"
"Oct-25-2024,42.20,43.57,42.20,43.51,268"
"Oct-28-2024,42.50,42.73,41.88,42.52,131"
"Oct-29-2024,43.44,43.61,43.20,42.87,41"
"Oct-30-2024,41.57,41.57,41.13,40.90,16"
"Oct-31-2024,41.23,41.49,38.07,40.59,423"
"Nov-1-2024,39.33,40.38,38.55,39.18,1,352"
"Nov-4-2024,39.50,40.53,39.43,40.30,1,500"
"Nov-5-2024,40.33,41.20,40.31,40.49,2,213"
"Nov-6-2024,40.10,40.75,39.04,40.39,2,803"
"Nov-7-2024,40.51,41.58,40.39,41.28,4,669"
"Nov-8-2024,42.33,43.06,41.98,42.41,7,861"
"Nov-11-2024,41.68,44.11,41.68,43.73,8,189"
"Nov-12-2024,43.82,44.44,43.00,44.26,7,781"
"Nov-13-2024,43.63,44.11,42.20,43.67,8,322"
"Nov-14-2024,45.51,46.51,45.00,46.22,9,375"
"Nov-15-2024,46.00,47.41,45.45,46.55,20,423"
"Nov-18-2024,45.48,47.13,45.39,46.90,9,479"
"Nov-19-2024,46.66,47.32,45.60,45.67,15,988"
"Nov-20-2024,45.36,47.23,45.28,46.80,24,271"
"Nov-21-2024,47.12,48.73,47.12,48.30,11,918"
"Nov-22-2024,49.05,49.24,46.78,47.02,10,600"
"Nov-25-2024,47.67,48.88,47.40,47.73,673"
"Nov-26-2024,47.38,48.29,46.13,47.22,185"
"Nov-27-2024,46.54,46.80,46.00,46.76,92"
"Nov-29-2024,47.48,47.95,46.24,47.81,594"
"Dec-2-2024,48.86,49.30,48.35,48.66,3,849"
"Dec-3-2024,48.93,49.05,48.25,48.56,3,526"
"Dec-4-2024,48.10,48.15,46.71,47.05,6,876"
"Dec-5-2024,47.51,47.56,46.01,46.55,6,281"
"Dec-6-2024,46.25,46.70,45.95,46.48,4,410"
"Dec-9-2024,46.20,46.31,44.74,44.86,12,527"
"Dec-10-2024,44.55,45.85,44.45,45.55,7,635"
"Dec-11-2024,45.25,45.96,44.40,44.69,17,844"
"Dec-12-2024,44.40,44.45,42.50,42.80,17,348"
"Dec-13-2024,42.54,43.25,41.01,41.22,22,343"
"Dec-16-2024,40.19,40.59,38.96,40.28,11,204"
"Dec-17-2024,40.50,42.15,39.96,42.07,3,026"
"Dec-18-2024,42.36,42.40,40.63,41.01,3,554"
"Dec-19-2024,41.48,43.62,39.84,43.08,1,825"
"Dec-20-2024,43.88,44.47,42.79,44.13,1,532"
"Dec-23-2024,44.34,45.84,43.80,45.55,1,153"
"Dec-24-2024,45.75,46.55,45.30,45.73,155"
"Dec-26-2024,45.73,45.73,45.73,45.73,0"
"Dec-27-2024,47.18,47.93,46.80,47.73,258"
"Dec-30-2024,48.30,48.30,47.24,47.63,34"
"Dec-31-2024,48.35,50.53,48.23,48.89,375"
"Jan-2-2025,50.22,50.70,48.62,50.27,714"
"Jan-3-2025,49.91,50.35,49.39,49.62,3,661"
"Jan-6-2025,49.10,49.25,46.94,47.33,3,214"
"Jan-7-2025,46.75,47.86,45.99,47.47,4,675"
"Jan-8-2025,48.00,48.00,45.14,45.56,6,240"
"Jan-9-2025,45.10,45.48,43.90,44.99,10,508"
"Jan-10-2025,44.85,45.79,43.23,45.01,22,273"
"Jan-13-2025,46.65,48.57,46.65,48.26,31,502"
"Jan-14-2025,48.53,48.61,46.61,46.95,12,626"
"Jan-15-2025,47.45,47.75,46.45,47.01,8,685"
"Jan-16-2025,46.21,46.41,45.70,46.24,4,966"
"Jan-17-2025,46.00,47.41,45.77,46.89,24,919"
"Jan-21-2025,46.65,50.23,46.15,50.03,32,258"
"Jan-22-2025,50.09,50.70,48.55,48.72,41,428"
"Jan-23-2025,48.83,50.30,48.60,49.12,17,683"
"Jan-24-2025,49.59,49.91,48.21,49.70,15,826"
"Jan-27-2025,48.83,48.90,47.83,47.86,356"
"Jan-28-2025,48.20,48.62,48.05,48.22,154"
"Jan-29-2025,49.74,51.33,49.74,51.16,20"
"Jan-30-2025,52.02,52.54,51.53,51.73,7"
"Jan-31-2025,52.00,53.76,51.95,53.24,1,518"
"Feb-3-2025,54.20,54.62,52.85,53.79,539"
"Feb-4-2025,52.91,53.40,51.39,52.05,1,696"
"Feb-5-2025,51.85,53.91,51.85,53.44,8,886"
"Feb-6-2025,53.91,55.47,53.55,54.50,37,213"
"Feb-7-2025,53.82,56.05,53.66,55.72,24,713"
"Feb-10-2025,57.30,58.70,57.26,58.04,41,144"
"Feb-11-2025,57.13,59.34,56.38,57.77,37,594"
"Feb-12-2025,56.20,57.00,54.23,55.66,47,189"
"Feb-13-2025,55.66,55.66,50.57,51.38,10,410"
"Feb-14-2025,50.05,51.60,48.39,50.69,1,020"
"Feb-18-2025,50.01,50.90,46.84,49.22,3,039"
"Feb-19-2025,50.00,50.40,47.12,48.26,1,919"
"Feb-20-2025,47.35,48.60,47.07,47.49,682"
"Feb-21-2025,47.65,48.23,46.11,47.20,326"
"Feb-24-2025,46.14,47.26,45.11,47.14,194"
"Feb-25-2025,45.44,45.84,43.75,44.29,102"
"Feb-26-2025,41.34,41.34,41.34,41.34,158"
"Feb-27-2025,44.38,44.56,44.38,44.93,6"
"Feb-28-2025,46.50,46.55,44.11,44.32,245"
"Mar-3-2025,46.95,47.23,44.53,45.21,335"
"Mar-4-2025,45.32,45.32,42.51,43.46,977"
"Mar-5-2025,43.49,43.91,40.85,41.51,10,106"
"Mar-6-2025,41.88,42.00,37.71,38.24,3,480"
"Mar-7-2025,37.33,41.50,37.21,39.97,5,757"
"Mar-10-2025,40.07,41.37,39.65,41.23,3,636"
"Mar-11-2025,41.41,43.56,40.87,42.71,4,766"
"Mar-12-2025,42.65,43.35,41.30,42.25,5,496"
"Mar-13-2025,42.46,43.63,40.55,42.08,491"
"Mar-14-2025,41.30,42.90,41.15,42.29,12,031"
"Mar-17-2025,41.40,42.01,40.35,41.25,6,506"
"Mar-18-2025,41.45,41.63,39.85,40.76,7,887"
"Mar-19-2025,42.51,43.94,41.96,43.36,16,906"
"Mar-20-2025,43.86,44.15,42.68,42.86,490"
"Mar-21-2025,44.76,44.76,42.03,42.61,272"
"Mar-24-2025,42.41,42.69,41.24,42.75,317"
"Mar-25-2025,42.05,42.63,41.16,41.56,179"
"Mar-26-2025,40.56,41.26,40.56,40.87,258"
"Mar-27-2025,41.10,41.43,41.10,41.20,16"
"Mar-28-2025,40.90,40.90,40.90,40.59,1"
"Mar-31-2025,40.83,41.39,39.89,40.67,227"
"Apr-1-2025,40.88,42.70,40.45,42.45,2,018"
"Apr-2-2025,42.48,42.95,40.87,41.26,3,650"
"Apr-3-2025,39.75,40.46,38.46,39.20,6,652"
"Apr-4-2025,39.25,39.25,35.27,36.40,3,862"
"Apr-7-2025,34.65,38.56,33.60,37.00,824"
"Apr-8-2025,36.34,36.96,35.58,36.23,7,614"
"Apr-9-2025,34.60,35.40,33.31,33.67,13,979"
"Apr-10-2025,34.65,35.14,33.15,33.29,8,928"
"Apr-11-2025,33.73,34.06,32.81,33.46,12,781"
"Apr-14-2025,34.28,34.79,33.71,34.50,1,590"
"Apr-15-2025,34.50,35.53,34.17,34.41,2,056"
"Apr-16-2025,33.91,35.63,33.91,35.31,2,861"
"Apr-17-2025,35.60,35.84,35.31,35.66,279"
"Apr-21-2025,35.66,35.66,35.66,35.66,0"
"Apr-22-2025,35.85,35.85,34.03,34.24,6,147"
"Apr-23-2025,34.68,34.98,33.93,34.16,11,557"
"Apr-24-2025,34.05,34.14,33.08,33.57,12,547"
"Apr-25-2025,33.45,33.45,31.95,32.43,7,188"
"Apr-28-2025,32.70,32.70,32.28,32.40,72"
"Apr-29-2025,30.90,31.50,30.90,31.86,4"
"Apr-30-2025,31.88,32.76,31.66,32.32,231"
"May-1-2025,32.03,32.28,31.65,32.15,3,620"
"May-2-2025,32.10,33.63,32.09,33.08,4,782"
"May-5-2025,32.79,33.07,32.60,32.93,3,076"
"May-6-2025,33.34,35.09,33.24,34.74,26,225"
"May-7-2025,34.62,35.52,34.12,34.53,16,616"
"May-8-2025,34.22,35.75,34.22,35.34,8,950"
"May-9-2025,35.70,35.99,34.32,34.62,7,109"
"May-12-2025,34.56,36.31,34.55,35.39,13,448"
"May-13-2025,35.02,36.15,35.01,35.74,7,761"
"May-14-2025,35.65,35.68,34.43,35.05,5,197"
"May-15-2025,35.35,35.50,34.45,35.29,8,948"
"May-16-2025,35.35,35.94,34.79,35.16,3,808"
"May-19-2025,35.00,35.46,34.90,35.23,3,818"
"May-20-2025,35.26,37.14,35.24,36.98,5,472"
"May-21-2025,37.25,37.78,36.43,36.62,6,858"
"May-22-2025,36.54,37.04,36.11,36.36,6,320"
"May-23-2025,36.40,36.77,35.88,36.45,469"
"May-27-2025,36.98,36.98,36.69,37.01,381"
"May-28-2025,36.80,36.99,36.80,36.69,75"
"May-29-2025,35.16,35.16,35.16,35.16,0"
"May-30-2025,34.96,35.36,33.86,34.23,778"
"Jun-2-2025,34.10,35.49,34.10,35.02,4,186"
"Jun-3-2025,35.27,36.00,34.97,35.85,3,616"
"Jun-4-2025,36.01,36.37,35.42,35.65,6,565"
"Jun-5-2025,35.71,36.59,35.71,36.39,0"
"Jun-6-2025,36.55,36.72,35.96,36.25,4,610"
"Jun-9-2025,36.15,36.25,35.45,35.61,4,947"
"Jun-10-2025,35.56,35.56,34.55,34.64,4,626"
"Jun-11-2025,35.17,35.90,35.06,35.91,4,906"
"Jun-12-2025,36.41,36.50,35.77,36.18,8,371"
"Jun-13-2025,37.60,38.46,37.11,37.89,9,589"
"Jun-16-2025,38.67,39.49,37.40,37.91,9,549"
"Jun-17-2025,38.18,39.70,38.18,39.31,11,950"
"Jun-18-2025,39.55,40.37,38.66,38.69,0"
"Jun-20-2025,39.96,41.80,39.88,40.93,8,706"
"Jun-23-2025,41.60,41.90,40.29,40.52,4,112"
"Jun-24-2025,36.49,36.55,35.09,35.62,805"
"Jun-25-2025,35.45,35.95,35.12,35.40,785"
"Jun-26-2025,35.31,35.31,34.05,34.02,126"
"Jun-27-2025,33.09,33.09,33.09,33.09,0"
"Jun-30-2025,33.35,33.45,32.70,32.90,2,424"
"Jul-1-2025,33.10,33.85,32.89,33.69,9,591"
"Jul-2-2025,33.98,34.43,33.21,33.59,17,111"
"Jul-3-2025,33.65,34.21,33.44,33.62,16,349"
"Jul-7-2025,33.21,34.05,32.99,33.62,7,415"
"Jul-8-2025,34.01,34.59,33.90,34.22,15,257"
"Jul-9-2025,34.32,34.90,34.28,34.30,8,654"
"Jul-10-2025,34.66,35.35,34.66,35.17,12,660"
"Jul-11-2025,34.93,35.62,34.76,35.56,10,928"
"Jul-14-2025,35.54,36.32,35.09,35.45,12,245"
"Jul-15-2025,35.11,35.15,34.21,34.45,19,497"
"Jul-16-2025,34.66,35.12,34.45,34.81,14,478"
"Jul-17-2025,35.14,35.25,34.33,34.41,6,837"
"Jul-18-2025,34.60,34.60,33.43,33.60,6,457"
"Jul-21-2025,33.83,33.92,33.13,33.16,2,221"
"Jul-22-2025,33.22,33.41,32.95,33.11,4,214"
"Jul-23-2025,33.51,33.70,32.61,32.69,4,152"
"Jul-24-2025,32.39,32.44,32.18,32.36,5,138"
"Jul-25-2025,32.10,32.65,32.10,32.50,408"
"Jul-28-2025,32.30,33.03,32.13,32.90,248"
"Jul-29-2025,34.10,34.10,34.10,34.10,82"
"Jul-30-2025,33.65,33.65,33.65,34.54,6"
"Jul-31-2025,34.69,35.43,34.65,35.28,4,918"
"Aug-1-2025,35.15,35.16,33.77,33.97,2,902"
"Aug-4-2025,34.07,34.37,33.66,34.28,6,740"
"Aug-5-2025,34.19,34.44,33.79,34.41,7,529"
"Aug-6-2025,34.00,34.11,33.08,33.26,1,598"
"Aug-7-2025,32.95,33.15,32.85,32.95,2,792"
"Aug-8-2025,32.78,33.41,32.16,32.45,3,776"
"Aug-11-2025,32.49,33.13,32.40,33.00,2,691"
"Aug-12-2025,33.07,33.07,32.22,32.41,2,076"
"Aug-13-2025,32.62,32.80,32.49,32.60,2,312"
"Aug-14-2025,32.86,32.86,31.95,32.14,1,953"
"Aug-15-2025,31.98,31.98,30.80,31.03,2,521"
"Aug-18-2025,30.65,31.49,30.65,31.27,2,636"
"Aug-19-2025,30.73,31.38,30.73,31.23,3,630"
"Aug-20-2025,31.38,32.28,31.23,31.91,2,632"
"Aug-21-2025,32.25,33.40,32.02,33.18,1,960"
"Aug-22-2025,33.40,33.60,33.07,33.57,405"
"Aug-25-2025,33.28,33.82,33.25,33.77,55"
"Aug-26-2025,33.60,33.69,33.30,33.46,255"
"Aug-27-2025,32.70,32.82,32.59,32.55,1,268"
"Aug-28-2025,31.28,31.28,31.28,31.56,1"
"Aug-29-2025,31.75,31.87,31.60,31.62,3,284"
"Sep-2-2025,32.20,32.63,31.67,31.77,4,132"
"Sep-3-2025,31.53,32.36,31.42,32.11,3,586"
"Sep-4-2025,31.84,32.61,31.84,32.41,6,645"
"Sep-5-2025,32.52,32.71,31.91,31.97,6,174"
"Sep-8-2025,32.20,33.12,32.20,33.06,3,496"
"Sep-9-2025,33.09,33.11,32.23,32.93,3,509"
"Sep-10-2025,33.24,33.42,33.01,33.12,3,908"
"Sep-11-2025,32.51,32.59,32.31,32.32,3,096"
"Sep-12-2025,32.40,32.80,32.07,32.66,2,758"
"Sep-15-2025,32.20,32.40,32.00,32.15,2,552"
"Sep-16-2025,31.91,32.45,31.91,32.33,5,065"
"Sep-17-2025,32.61,32.76,32.34,32.40,1,857"
"Sep-18-2025,32.56,33.04,32.55,32.95,2,382"
"Sep-19-2025,32.66,32.97,32.17,32.31,2,111"
"Sep-22-2025,32.10,32.20,31.77,31.84,185"
"Sep-23-2025,32.03,32.70,31.99,32.27,334"
"Sep-24-2025,32.16,32.39,32.00,31.90,78"
"Sep-25-2025,32.41,32.57,32.35,32.46,75"
"Sep-26-2025,32.66,32.71,32.53,32.70,378"
"Sep-29-2025,32.28,32.28,32.10,32.06,60"
"Sep-30-2025,32.26,32.26,31.43,31.41,3,974"
"Oct-1-2025,31.28,31.39,30.79,31.34,2,933"
"Oct-2-2025,31.45,31.48,31.06,31.46,4,052"
"Oct-3-2025,31.11,31.63,30.97,31.44,3,855"
"Oct-6-2025,32.45,33.22,32.43,33.12,3,241"
"Oct-7-2025,33.50,33.63,33.04,33.25,4,234"
"Oct-8-2025,33.57,33.57,32.65,32.70,3,172"
"Oct-9-2025,32.20,32.52,32.07,32.36,2,784"
"Oct-10-2025,32.08,32.19,31.88,32.17,3,171"
"Oct-13-2025,31.83,31.85,31.35,31.48,3,171"
"Oct-14-2025,31.46,31.86,31.46,31.80,2,526"
"Oct-15-2025,31.75,31.85,31.44,31.83,1,443"
"Oct-16-2025,32.27,32.65,32.17,32.38,3,793"
"Oct-17-2025,32.20,32.32,31.84,31.82,2,184"
"Oct-20-2025,31.78,31.78,31.59,31.74,1,690"
"Oct-21-2025,31.44,32.27,31.44,32.20,4,449"
"Oct-22-2025,32.05,32.19,31.67,31.77,6,079"
"Oct-23-2025,32.25,32.80,32.25,32.45,4,105"
"Oct-24-2025,32.20,32.20,31.86,32.02,1,643"
"Oct-27-2025,31.38,31.44,31.29,31.40,786"
"Oct-28-2025,31.32,31.71,31.32,31.49,20"
"Oct-29-2025,31.87,31.87,31.87,31.87,17"
"Oct-30-2025,36.00,36.00,36.00,31.05,1"
"Oct-31-2025,31.19,31.34,31.10,31.12,1,262"
"Nov-3-2025,31.56,31.88,31.54,31.74,0"
"Nov-4-2025,31.94,32.50,31.93,32.55,8,185"
"Nov-5-2025,32.10,32.12,31.70,31.82,2,281"
"Nov-6-2025,31.45,31.73,31.45,31.55,3,553"
"Nov-7-2025,31.49,31.51,31.15,31.20,5,592"
"Nov-10-2025,31.30,31.47,30.84,31.07,9,388"
"Nov-11-2025,31.04,31.18,30.89,31.10,1,334"
"Nov-12-2025,31.37,31.37,30.80,30.93,7,753"
"Nov-13-2025,31.01,31.01,30.38,30.46,5,160"
"Nov-14-2025,30.75,31.08,30.59,31.25,1,106"
"Nov-17-2025,31.48,31.60,31.23,31.42,2,875"
"Nov-18-2025,31.74,31.95,31.49,31.69,2,160"
"Nov-19-2025,31.16,31.19,30.68,30.94,1,959"
"Nov-20-2025,31.04,31.20,30.89,31.16,2,592"
"Nov-21-2025,30.62,30.70,30.49,30.20,2,207"
"Nov-24-2025,30.03,30.03,29.30,29.75,92"
"Nov-25-2025,29.65,29.65,29.25,29.39,60"
"Nov-26-2025,29.37,29.50,29.26,29.37,52"
"Nov-28-2025,29.07,29.16,28.66,28.82,172"
"Dec-1-2025,28.28,28.43,27.88,28.23,691"
"Dec-2-2025,27.72,28.11,27.56,28.05,1,128"
"Dec-3-2025,28.00,28.27,28.00,28.21,1,105"
"Dec-4-2025,27.58,27.58,27.06,27.09,1,110"
"Dec-5-2025,27.36,27.36,27.11,27.27,1,081"
"Dec-8-2025,27.55,27.67,26.81,26.87,763"
"Dec-9-2025,27.40,27.53,27.34,27.49,423"
"Dec-10-2025,27.02,27.09,26.55,26.60,1,407"
"Dec-11-2025,26.72,26.92,26.64,26.81,906"
"Dec-12-2025,27.36,27.56,27.25,27.68,490"
"Dec-15-2025,27.73,27.75,27.28,27.43,560"
"Dec-16-2025,26.97,27.00,26.68,26.76,1,047"
"Dec-17-2025,27.09,27.48,27.08,27.36,1,129"
"Dec-18-2025,27.55,27.84,27.30,27.65,533"
"Dec-19-2025,27.95,28.48,27.76,28.16,918"
"Dec-22-2025,27.69,27.69,27.69,27.69,1"
"Dec-23-2025,27.79,27.79,27.79,27.73,14"
"Dec-24-2025,28.22,28.22,28.17,28.10,15"
"Dec-26-2025,28.10,28.10,28.10,28.10,0"
"Dec-29-2025,28.45,29.00,28.42,28.53,9"
"Dec-30-2025,27.77,27.77,27.77,27.77,0"
"Dec-31-2025,27.76,28.43,27.76,28.16,33"
"Jan-2-2026,28.48,29.05,28.41,29.00,1,256"
"Jan-5-2026,27.98,27.98,27.15,27.40,1,243"
"Jan-6-2026,27.62,28.20,27.58,28.07,1,365"
"Jan-7-2026,28.50,29.14,28.35,28.78,875"
"Jan-8-2026,27.75,27.85,27.50,27.70,807"
"Jan-9-2026,27.62,28.57,27.62,28.37,1,904"
"Jan-12-2026,28.95,30.58,28.91,30.25,809"
"Jan-13-2026,32.12,32.30,30.67,31.47,1,515"
"Jan-14-2026,30.73,32.93,30.42,31.81,1,854"
"Jan-15-2026,32.27,33.64,31.98,33.16,1,423"
"Jan-16-2026,33.95,37.99,33.95,36.88,667"
"Jan-20-2026,34.70,37.10,33.22,35.89,1,117"
"Jan-21-2026,34.55,39.93,34.40,39.21,397"
"Jan-22-2026,39.23,41.80,37.45,38.08,417"
"Jan-23-2026,37.20,40.01,37.20,40.04,289"
"Jan-26-2026,40.80,40.80,40.13,39.11,120"
"Jan-27-2026,39.06,39.48,38.21,38.76,165"
"Jan-28-2026,39.21,39.21,37.28,38.86,576"
"Jan-29-2026,40.11,40.11,40.11,40.11,0"
"Jan-30-2026,39.18,39.64,37.53,39.29,154"
"Feb-2-2026,34.65,35.15,33.08,33.95,244"
"Feb-3-2026,31.96,32.89,31.36,32.86,266"
"Feb-4-2026,33.37,33.82,32.85,33.50,169"
"Feb-5-2026,34.18,35.05,33.85,33.74,152"
"Feb-6-2026,34.23,35.55,34.14,35.69,207"
"Feb-9-2026,32.51,33.54,32.49,33.50,128"
"Feb-10-2026,33.60,33.60,31.81,31.85,24"
"Feb-11-2026,32.50,32.85,32.19,32.17,28"
"Feb-12-2026,32.90,33.27,32.38,32.99,125"
"Feb-13-2026,32.50,32.50,32.08,32.50,71"
"Feb-17-2026,31.02,31.20,29.90,29.82,144"
"Feb-18-2026,30.01,31.88,29.38,31.48,42"
"Feb-19-2026,32.80,34.27,32.80,33.52,63"
"Feb-20-2026,32.59,32.85,31.88,32.03,134"
"Feb-23-2026,31.65,32.10,31.55,31.83,76"
"Feb-24-2026,31.65,31.65,31.40,30.89,25"
"Feb-25-2026,31.42,31.50,31.42,31.05,39"
"Feb-26-2026,30.40,30.43,30.40,32.22,10"
"Feb-27-2026,31.70,32.84,31.65,31.96,778"
"Mar-2-2026,38.59,48.59,38.32,44.51,411"
"Mar-3-2026,52.25,63.75,50.90,54.29,708"
"Mar-4-2026,56.80,57.15,45.90,48.77,470"
"Mar-5-2026,52.85,53.92,47.90,50.73,559"
"Mar-6-2026,48.81,53.67,48.15,53.39,254"
"Mar-9-2026,62.66,62.90,55.80,56.45,241"
"Mar-10-2026,47.81,49.58,46.40,47.39,103"
"Mar-11-2026,47.00,51.35,46.80,49.99,212"
"Mar-12-2026,52.03,52.30,50.00,50.87,101"
"Mar-13-2026,51.00,52.10,48.90,50.12,83"
"Mar-16-2026,51.59,52.15,50.75,50.89,144"
"Mar-17-2026,51.98,52.40,51.19,51.56,136"
"Mar-18-2026,51.05,56.26,49.77,54.66,218"
"Mar-19-2026,67.97,69.35,61.41,61.85,192"
"Mar-20-2026,61.50,61.90,58.56,59.26,93"
"Mar-23-2026,61.50,61.50,61.50,56.68,53"
"Mar-24-2026,55.00,55.00,55.00,54.04,8"
"Mar-25-2026,50.95,53.00,50.95,52.82,110"
"Mar-26-2026,54.00,55.37,54.00,55.22,190"
"Mar-27-2026,56.45,56.50,54.20,54.18,86"
"Mar-30-2026,54.90,54.90,54.90,54.81,46"
"Mar-31-2026,54.25,54.40,49.70,50.76,19"
"Apr-1-2026,48.61,49.40,46.92,47.51,108"
"Apr-2-2026,50.29,51.74,48.91,50.04,145"
"May-26-2026,47.22,47.84,46.99,47.47,94"
"May-27-2026,45.99,46.25,45.30,46.41,144"
"May-28-2026,46.92,46.92,46.92,46.92,46"
"May-29-2026,47.15,47.28,47.15,46.00,2"
"Jun-1-2026,47.85,49.17,47.83,49.09,22"
"Jun-2-2026,47.91,48.09,47.55,47.61,27"
"Jun-3-2026,49.30,49.51,48.85,48.86,151"
"Jun-4-2026,49.05,49.05,49.05,48.75,10"
"Jun-5-2026,48.50,48.50,48.50,48.50,0"
"Jun-8-2026,49.83,49.83,49.83,49.83,0"
"Jun-9-2026,50.05,50.08,48.62,48.74,101"
"Jun-10-2026,48.90,50.70,48.59,49.99,40"
"Jun-11-2026,50.21,50.61,49.54,49.69,64"
"Jun-12-2026,47.00,48.51,46.50,46.77,709"
"Jun-15-2026,44.39,44.45,41.98,42.51,152"
"Jun-16-2026,42.00,42.50,41.50,41.77,222"
"Jun-17-2026,41.72,42.18,40.75,41.92,126"
"Jun-18-2026,40.11,41.19,40.11,40.52,0"
"Jun-22-2026,40.84,42.70,40.84,41.89,335"
"Jun-23-2026,41.71,42.05,41.47,42.01,89"
"Jun-24-2026,41.54,41.54,41.00,40.88,20"
"Jun-25-2026,40.41,40.41,40.41,40.41,63"
"Jun-26-2026,40.40,40.91,40.28,40.78,191"
"Jun-29-2026,42.05,42.05,42.05,42.57,119"
"Jun-30-2026,43.48,43.85,43.48,43.44,82"
"Jul-1-2026,43.62,43.66,43.15,42.78,29"
"Jul-2-2026,43.70,44.40,43.70,44.02,55"
"Jul-6-2026,44.23,44.74,44.10,44.13,63"
"Jul-7-2026,46.58,46.58,46.58,46.58,7"
"Jul-8-2026,48.17,49.28,47.91,49.02,136"
"Jul-9-2026,48.83,50.05,48.40,50.10,56"
"Jul-10-2026,48.58,48.58,48.27,48.66,45"
"Jul-13-2026,51.10,51.65,51.10,51.28,27"
"Jul-14-2026,52.90,53.45,52.90,52.96,26"
"Jul-15-2026,55.00,55.00,55.00,54.35,14"
"Jul-16-2026,55.56,55.56,55.30,54.79,24"
"Jul-17-2026,56.31,56.31,56.31,57.40,61"
"Jul-20-2026,59.96,59.96,58.38,58.74,27"
"Jul-21-2026,59.66,59.66,59.66,59.66,27"
"Jul-22-2026,62.40,62.40,62.40,62.54,11"
"Jul-23-2026,61.86,61.86,61.86,61.90,14"
"Jul-24-2026,63.27,64.40,63.27,63.58,202"
"Jul-27-2026,59.50,59.50,58.53,58.25,128"
"Jul-28-2026,56.75,57.08,56.57,57.74,145"
"Jul-29-2026,58.91,61.50,58.91,60.42,85"
"Jul-30-2026,58.18,58.18,58.18,58.18,0"
"Jul-31-2026,59.79,60.10,58.95,59.07,72"
"Aug-3-2026,56.93,58.31,56.93,57.51,333"
"Aug-4-2026,59.00,60.33,54.23,55.92,1,242"
"Aug-5-2026,55.26,55.26,51.92,52.40,363"
"Aug-6-2026,54.28,55.77,54.28,55.77,352"
"Aug-7-2026,57.23,57.23,54.54,55.54,601"
"Aug-10-2026,56.84,61.64,56.84,60.80,812"
"Aug-11-2026,60.89,60.89,58.60,58.74,465"
"Aug-12-2026,60.66,61.07,59.36,61.02,674"
"Aug-13-2026,60.79,60.91,60.59,60.40,532"
"Aug-14-2026,60.94,61.51,60.73,61.42,402"
"Aug-17-2026,61.85,62.35,61.27,61.76,693"
"Aug-18-2026,62.58,63.92,62.58,63.65,743"
"Aug-19-2026,63.40,63.46,62.74,63.38,243"
"Aug-20-2026,64.46,65.69,64.46,65.30,348"
"Aug-21-2026,66.27,66.79,65.70,65.87,452"
"Aug-24-2026,67.53,68.57,67.50,68.32,239"
"Aug-25-2026,66.73,66.83,65.84,66.59,104"
"Aug-26-2026,64.28,64.36,63.80,65.63,83"
"Aug-27-2026,67.85,67.85,67.85,68.10,15"
"Aug-28-2026,68.93,69.01,66.56,66.98,930"
"Aug-31-2026,69.98,70.51,69.98,69.81,123"
"Sep-1-2026,71.33,72.18,70.91,72.22,570"
"Sep-2-2026,74.26,74.26,72.21,73.63,268"
"Sep-3-2026,72.90,72.90,71.15,71.81,505"
